Method name: growth curve humidity cassette (Modified),,,,,,,,,,,,,,,,,,,,,,,,,,,,,,,,,,,,,,,,,,,,,,,,,,,,,,,,,,,,,,,,,,,,,,,,,,,,,,,,,,,,,,,,,,,,,,,,,,
Application: SparkControl,,,,V3.2,,,,,,,,,,,,,,,,,,,,,,,,,,,,,,,,,,,,,,,,,,,,,,,,,,,,,,,,,,,,,,,,,,,,,,,,,,,,,,,,,,,,,,,,,,,,,,
Device: Spark,,,,Serial number: 2309004192,,,,,,,,,,,,,,,,,,,,,,,,,,,,,,,,,,,,,,,,,,,,,,,,,,,,,,,,,,,,,,,,,,,,,,,,,,,,,,,,,,,,,,,,,,,,,,
Firmware:,,,,LUM:V5.2.4|ABS:V4.3.2|ABS_MEX:V7.1.0|MTP:V14.3.3|FLUOR:V7.0.0|FLUOR_FP:V7.2.1|FLUOR_BOTTOM:V7.2.1|FLUOR_MEM:V7.1.0|FLUOR_MEX:V7.1.0|GCM:V3.0.2|INJ:V3.1.1|COOLING:V1.2.1|PODI:V3.0.3,,,,,,,,,,,,,,,,,,,,,,,,,,,,,,,,,,,,,,,,,,,,,,,,,,,,,,,,,,,,,,,,,,,,,,,,,,,,,,,,,,,,,,,,,,,,,,
,,,,,,,,,,,,,,,,,,,,,,,,,,,,,,,,,,,,,,,,,,,,,,,,,,,,,,,,,,,,,,,,,,,,,,,,,,,,,,,,,,,,,,,,,,,,,,,,,,
Date:,,,,2025-05-14,,,,,,,,,,,,,,,,,,,,,,,,,,,,,,,,,,,,,,,,,,,,,,,,,,,,,,,,,,,,,,,,,,,,,,,,,,,,,,,,,,,,,,,,,,,,,,
Time:,,,,12:46,,,,,,,,,,,,,,,,,,,,,,,,,,,,,,,,,,,,,,,,,,,,,,,,,,,,,,,,,,,,,,,,,,,,,,,,,,,,,,,,,,,,,,,,,,,,,,
System,,,,BIO-W-DT-02137,,,,,,,,,,,,,,,,,,,,,,,,,,,,,,,,,,,,,,,,,,,,,,,,,,,,,,,,,,,,,,,,,,,,,,,,,,,,,,,,,,,,,,,,,,,,,,
User,,,,BIO-W-DT-02137\Tecan,,,,,,,,,,,,,,,,,,,,,,,,,,,,,,,,,,,,,,,,,,,,,,,,,,,,,,,,,,,,,,,,,,,,,,,,,,,,,,,,,,,,,,,,,,,,,,
Plate,,,,[GRE96ft] - Greiner 96 Flat Transparent Cat. No.: 655101/655161/655192,,,,,,,,,,,,,,,,,,,,,,,,,,,,,,,,,,,,,,,,,,,,,,,,,,,,,,,,,,,,,,,,,,,,,,,,,,,,,,,,,,,,,,,,,,,,,,
Lid lifter,,,,No lid,,,,,,,,,,,,,,,,,,,,,,,,,,,,,,,,,,,,,,,,,,,,,,,,,,,,,,,,,,,,,,,,,,,,,,,,,,,,,,,,,,,,,,,,,,,,,,
Humidity Cassette,,,,Humidity cassette -Small,,,,,,,,,,,,,,,,,,,,,,,,,,,,,,,,,,,,,,,,,,,,,,,,,,,,,,,,,,,,,,,,,,,,,,,,,,,,,,,,,,,,,,,,,,,,,,
Smooth mode,,,,Not selected,,,,,,,,,,,,,,,,,,,,,,,,,,,,,,,,,,,,,,,,,,,,,,,,,,,,,,,,,,,,,,,,,,,,,,,,,,,,,,,,,,,,,,,,,,,,,,
,,,,,,,,,,,,,,,,,,,,,,,,,,,,,,,,,,,,,,,,,,,,,,,,,,,,,,,,,,,,,,,,,,,,,,,,,,,,,,,,,,,,,,,,,,,,,,,,,,
List of actions in this measurement script:,,,,,,,,,,,,,,,,,,,,,,,,,,,,,,,,,,,,,,,,,,,,,,,,,,,,,,,,,,,,,,,,,,,,,,,,,,,,,,,,,,,,,,,,,,,,,,,,,,
Plate,,,,,,,,,,,,,,,,,,,,,,,,,,,,,,,,,,,,,,,,,,,,,,,,,,,,,,,,,,,,,,,,,,,,,,,,,,,,,,,,,,,,,,,,,,,,,,,,,,
,Temperature,,,,,,,,,,,,,,,,,,,,,,,,,,,,,,,,,,,,,,,,,,,,,,,,,,,,,,,,,,,,,,,,,,,,,,,,,,,,,,,,,,,,,,,,,,,,,,,,,
,Kinetic,,,,,,,,,,,,,,,,,,,,,,,,,,,,,,,,,,,,,,,,,,,,,,,,,,,,,,,,,,,,,,,,,,,,,,,,,,,,,,,,,,,,,,,,,,,,,,,,,
,,Shaking,,,,,,,,,,,,,,,,,,,,,,,,,,,,,,,,,,,,,,,,,,,,,,,,,,,,,,,,,,,,,,,,,,,,,,,,,,,,,,,,,,,,,,,,,,,,,,,,
,,Absorbance,,,,OD600,,,,,,,,,,,,,,,,,,,,,,,,,,,,,,,,,,,,,,,,,,,,,,,,,,,,,,,,,,,,,,,,,,,,,,,,,,,,,,,,,,,,,,,,,,,,
,,,,,,,,,,,,,,,,,,,,,,,,,,,,,,,,,,,,,,,,,,,,,,,,,,,,,,,,,,,,,,,,,,,,,,,,,,,,,,,,,,,,,,,,,,,,,,,,,,
Name,,,,GRE96ft,,,,,,,,,,,,,,,,,,,,,,,,,,,,,,,,,,,,,,,,,,,,,,,,,,,,,,,,,,,,,,,,,,,,,,,,,,,,,,,,,,,,,,,,,,,,,,
Plate layout,,,,,,,,,,,,,,,,,,,,,,,,,,,,,,,,,,,,,,,,,,,,,,,,,,,,,,,,,,,,,,,,,,,,,,,,,,,,,,,,,,,,,,,,,,,,,,,,,,
Plate area,,,,A1-H12,,,,,,,,,,,,,,,,,,,,,,,,,,,,,,,,,,,,,,,,,,,,,,,,,,,,,,,,,,,,,,,,,,,,,,,,,,,,,,,,,,,,,,,,,,,,,,
,,,,,,,,,,,,,,,,,,,,,,,,,,,,,,,,,,,,,,,,,,,,,,,,,,,,,,,,,,,,,,,,,,,,,,,,,,,,,,,,,,,,,,,,,,,,,,,,,,
Start Time,,,,2025-05-13 15:16:45,,,,,,,,,,,,,,,,,,,,,,,,,,,,,,,,,,,,,,,,,,,,,,,,,,,,,,,,,,,,,,,,,,,,,,,,,,,,,,,,,,,,,,,,,,,,,,
Temperature control,,,,On,,,,,,,,,,,,,,,,,,,,,,,,,,,,,,,,,,,,,,,,,,,,,,,,,,,,,,,,,,,,,,,,,,,,,,,,,,,,,,,,,,,,,,,,,,,,,,
Target temperature [°C],,,,28,,,,,,,,,,,,,,,,,,,,,,,,,,,,,,,,,,,,,,,,,,,,,,,,,,,,,,,,,,,,,,,,,,,,,,,,,,,,,,,,,,,,,,,,,,,,,,
End Time,,,,2025-05-13 15:16:45,,,,,,,,,,,,,,,,,,,,,,,,,,,,,,,,,,,,,,,,,,,,,,,,,,,,,,,,,,,,,,,,,,,,,,,,,,,,,,,,,,,,,,,,,,,,,,
,,,,,,,,,,,,,,,,,,,,,,,,,,,,,,,,,,,,,,,,,,,,,,,,,,,,,,,,,,,,,,,,,,,,,,,,,,,,,,,,,,,,,,,,,,,,,,,,,,
Mode,Kinetic,,,,,,,,,,,,,,,,,,,,,,,,,,,,,,,,,,,,,,,,,,,,,,,,,,,,,,,,,,,,,,,,,,,,,,,,,,,,,,,,,,,,,,,,,,,,,,,,,
Kinetic cycles,,,,96,,,,,,,,,,,,,,,,,,,,,,,,,,,,,,,,,,,,,,,,,,,,,,,,,,,,,,,,,,,,,,,,,,,,,,,,,,,,,,,,,,,,,,,,,,,,,,
Interval time [hhmmss],,,,00:15:00,,,,,,,,,,,,,,,,,,,,,,,,,,,,,,,,,,,,,,,,,,,,,,,,,,,,,,,,,,,,,,,,,,,,,,,,,,,,,,,,,,,,,,,,,,,,,,
,,,,,,,,,,,,,,,,,,,,,,,,,,,,,,,,,,,,,,,,,,,,,,,,,,,,,,,,,,,,,,,,,,,,,,,,,,,,,,,,,,,,,,,,,,,,,,,,,,
Shaking (Orbital) Duration [s],,,,30,,,,,,,,,,,,,,,,,,,,,,,,,,,,,,,,,,,,,,,,,,,,,,,,,,,,,,,,,,,,,,,,,,,,,,,,,,,,,,,,,,,,,,,,,,,,,,
Shaking (Orbital) Position,,,,Current,,,,,,,,,,,,,,,,,,,,,,,,,,,,,,,,,,,,,,,,,,,,,,,,,,,,,,,,,,,,,,,,,,,,,,,,,,,,,,,,,,,,,,,,,,,,,,
Shaking (Orbital) Amplitude [mm],,,,3,,,,,,,,,,,,,,,,,,,,,,,,,,,,,,,,,,,,,,,,,,,,,,,,,,,,,,,,,,,,,,,,,,,,,,,,,,,,,,,,,,,,,,,,,,,,,,
Shaking (Orbital) Frequency [rpm],,,,180,,,,,,,,,,,,,,,,,,,,,,,,,,,,,,,,,,,,,,,,,,,,,,,,,,,,,,,,,,,,,,,,,,,,,,,,,,,,,,,,,,,,,,,,,,,,,,
,,,,,,,,,,,,,,,,,,,,,,,,,,,,,,,,,,,,,,,,,,,,,,,,,,,,,,,,,,,,,,,,,,,,,,,,,,,,,,,,,,,,,,,,,,,,,,,,,,
Mode,Absorbance,,,,,,,,,,,,,,,,,,,,,,,,,,,,,,,,,,,,,,,,,,,,,,,,,,,,,,,,,,,,,,,,,,,,,,,,,,,,,,,,,,,,,,,,,,,,,,,,,
Name,OD600,,,,,,,,,,,,,,,,,,,,,,,,,,,,,,,,,,,,,,,,,,,,,,,,,,,,,,,,,,,,,,,,,,,,,,,,,,,,,,,,,,,,,,,,,,,,,,,,,
Measurement wavelength [nm],,,,600,,,,,,,,,,,,,,,,,,,,,,,,,,,,,,,,,,,,,,,,,,,,,,,,,,,,,,,,,,,,,,,,,,,,,,,,,,,,,,,,,,,,,,,,,,,,,,
Number of flashes,,,,10,,,,,,,,,,,,,,,,,,,,,,,,,,,,,,,,,,,,,,,,,,,,,,,,,,,,,,,,,,,,,,,,,,,,,,,,,,,,,,,,,,,,,,,,,,,,,,
Settle time [ms],,,,50,,,,,,,,,,,,,,,,,,,,,,,,,,,,,,,,,,,,,,,,,,,,,,,,,,,,,,,,,,,,,,,,,,,,,,,,,,,,,,,,,,,,,,,,,,,,,,
Part of Plate,,,,A1-H12,,,,,,,,,,,,,,,,,,,,,,,,,,,,,,,,,,,,,,,,,,,,,,,,,,,,,,,,,,,,,,,,,,,,,,,,,,,,,,,,,,,,,,,,,,,,,,
,,,,,,,,,,,,,,,,,,,,,,,,,,,,,,,,,,,,,,,,,,,,,,,,,,,,,,,,,,,,,,,,,,,,,,,,,,,,,,,,,,,,,,,,,,,,,,,,,,
Start Time,,,,2025-05-13 15:16:45,,,,,,,,,,,,,,,,,,,,,,,,,,,,,,,,,,,,,,,,,,,,,,,,,,,,,,,,,,,,,,,,,,,,,,,,,,,,,,,,,,,,,,,,,,,,,,
,,,,,,,,,,,,,,,,,,,,,,,,,,,,,,,,,,,,,,,,,,,,,,,,,,,,,,,,,,,,,,,,,,,,,,,,,,,,,,,,,,,,,,,,,,,,,,,,,,
OD600,,,,,,,,,,,,,,,,,,,,,,,,,,,,,,,,,,,,,,,,,,,,,,,,,,,,,,,,,,,,,,,,,,,,,,,,,,,,,,,,,,,,,,,,,,,,,,,,,,
Cycle Nr.,Time [s],Temp. [°C],A1,A2,A3,A4,A5,A6,A7,A8,A9,A10,A11,A12,B1,B2,B3,B4,B5,B6,B7,B8,B9,B10,B11,B12,C1,C2,C3,C4,C5,C6,C7,C8,C9,C10,C11,C12,D1,D2,D3,D4,D5,D6,D7,D8,D9,D10,D11,D12,E1,E2,E3,E4,E5,E6,E7,E8,E9,E10,E11,E12,F1,F2,F3,F4,F5,F6,F7,F8,F9,F10,F11,F12,G1,G2,G3,G4,G5,G6,G7,G8,G9,G10,G11,G12,H1,H2,H3,H4,H5,H6,H7,H8,H9,H10,H11,H12
1,0,24.7,0.6923,0.9084,0.6417,0.8052,0.6907,0.5592,0.5873,0.9642,0.8994,0.8352,0.7084,0.8486,0.1562,0.1547,0.1109,0.1184,0.1339,0.1286,0.1349,0.1253,0.3443,0.1293,0.236,0.2219,0.1232,0.1048,0.1136,0.1179,0.1077,0.1105,0.1116,0.1182,0.1096,0.1007,0.0942,0.0985,0.0904,0.0849,0.0846,0.0908,0.0843,0.0859,0.0924,0.1064,0.1008,0.0742,0.0726,0.0759,0.0721,0.0655,0.0668,0.0691,0.0695,0.0686,0.073,0.0782,0.0712,0.0569,0.0555,0.0557,0.0599,0.0608,0.0611,0.063,0.0625,0.0625,0.0649,0.0675,0.0666,0.0469,0.0468,0.0463,0.0594,0.0593,0.0604,0.0623,0.0627,0.0623,0.0644,0.0633,0.0639,0.0431,0.0434,0.0434,0.0626,0.0616,0.0584,0.0617,0.0607,0.0616,0.0593,0.0595,0.06,0.0432,0.0432,0.0431
2,900.011,28.1,0.5218,0.5992,0.4871,0.729,0.5535,0.4713,0.4902,0.9779,0.6873,0.6885,0.6378,0.7696,0.154,0.1839,0.1633,0.1629,0.1839,0.1719,0.1761,0.1833,0.3077,0.1746,0.1795,0.1637,0.1208,0.1024,0.1119,0.1165,0.1054,0.1109,0.1062,0.1146,0.1065,0.0938,0.0906,0.0942,0.09,0.0859,0.084,0.0915,0.083,0.084,0.0919,0.1051,0.0994,0.0722,0.0708,0.0763,0.0709,0.0645,0.0648,0.0686,0.0677,0.0672,0.0725,0.0786,0.0723,0.0572,0.0558,0.0559,0.0595,0.0597,0.06,0.0633,0.0623,0.0621,0.0656,0.0686,0.0672,0.0473,0.0476,0.0465,0.0587,0.0583,0.0587,0.0627,0.062,0.0617,0.0634,0.0625,0.0631,0.0429,0.0432,0.0437,0.0617,0.0594,0.0578,0.0605,0.0596,0.0609,0.0609,0.0606,0.0642,0.043,0.0431,0.043
3,1800.034,27.9,0.4274,0.405,0.4304,0.5932,0.4973,0.4303,0.4096,0.8142,0.468,0.5373,0.4995,0.5509,0.1692,0.1939,0.1848,0.174,0.1984,0.1894,0.1924,0.1912,0.2498,0.1976,0.1939,0.1728,0.1198,0.1007,0.1107,0.1156,0.1049,0.1088,0.1055,0.1144,0.1054,0.0931,0.0907,0.094,0.0885,0.0835,0.0827,0.0911,0.0822,0.0833,0.0912,0.105,0.0986,0.0722,0.0708,0.0762,0.0688,0.063,0.0641,0.068,0.0669,0.066,0.0718,0.0785,0.0715,0.0571,0.0557,0.0558,0.0583,0.0582,0.0588,0.0625,0.062,0.0617,0.0648,0.0676,0.0665,0.0474,0.0477,0.0466,0.0578,0.0575,0.058,0.0622,0.0614,0.0615,0.0629,0.062,0.0623,0.043,0.0433,0.0442,0.06,0.0581,0.0573,0.0608,0.0592,0.0602,0.0605,0.0603,0.0642,0.0433,0.0431,0.0429
4,2700.048,28.1,0.3904,0.3363,0.414,0.4906,0.4584,0.3908,0.3891,0.6402,0.3934,0.4375,0.4467,0.4396,0.1669,0.187,0.1891,0.1755,0.1988,0.1971,0.1945,0.1915,0.2114,0.2011,0.2023,0.1766,0.1188,0.0998,0.1099,0.1156,0.1049,0.1074,0.1039,0.1125,0.1037,0.093,0.0907,0.0938,0.0874,0.082,0.0819,0.0907,0.082,0.083,0.0894,0.1028,0.0965,0.0721,0.0706,0.0761,0.0677,0.062,0.063,0.0678,0.0667,0.0657,0.0703,0.0769,0.0702,0.057,0.0555,0.0557,0.0578,0.0575,0.0581,0.0624,0.0616,0.0613,0.0634,0.0662,0.0651,0.0473,0.0476,0.0464,0.0571,0.0568,0.0573,0.062,0.0614,0.0613,0.0619,0.061,0.0613,0.043,0.0433,0.0441,0.0594,0.0573,0.0566,0.0603,0.0588,0.0594,0.0598,0.06,0.0625,0.0431,0.0432,0.0429
5,3600.068,28.1,0.376,0.3073,0.4192,0.424,0.4075,0.3644,0.3777,0.519,0.3505,0.3789,0.4145,0.3732,0.1632,0.1883,0.188,0.1767,0.2007,0.1977,0.194,0.1883,0.2256,0.1991,0.1998,0.1772,0.1183,0.0994,0.1093,0.1158,0.1049,0.1067,0.1023,0.1105,0.1022,0.0929,0.0906,0.0937,0.0869,0.0804,0.081,0.091,0.0821,0.083,0.088,0.1014,0.095,0.0719,0.0704,0.0758,0.0677,0.0613,0.0625,0.0678,0.0668,0.0658,0.0697,0.076,0.0696,0.0569,0.0554,0.0556,0.0571,0.0571,0.0576,0.0626,0.0617,0.0616,0.0627,0.0658,0.0644,0.0472,0.0476,0.0464,0.0567,0.0566,0.0569,0.0624,0.0617,0.0615,0.0617,0.0606,0.0609,0.043,0.0433,0.0441,0.0584,0.0571,0.0562,0.061,0.0592,0.0601,0.0596,0.0595,0.0617,0.0431,0.0433,0.0429
6,4500.097,28,0.3625,0.2933,0.4365,0.3792,0.3767,0.3456,0.3711,0.443,0.3263,0.3388,0.3916,0.3395,0.1616,0.1879,0.1877,0.1783,0.1962,0.2005,0.194,0.1869,0.2195,0.1988,0.1995,0.1765,0.118,0.099,0.109,0.1166,0.106,0.1068,0.1018,0.1098,0.1015,0.0928,0.0905,0.0936,0.0865,0.08,0.0807,0.0913,0.0824,0.0835,0.0876,0.1006,0.0944,0.0718,0.0703,0.0757,0.0671,0.0608,0.0625,0.0681,0.067,0.0662,0.0692,0.0756,0.0689,0.0567,0.0553,0.0554,0.0571,0.0567,0.0574,0.063,0.0622,0.0621,0.0622,0.0655,0.0642,0.0472,0.0475,0.0463,0.0563,0.0562,0.0568,0.0628,0.0622,0.0621,0.0615,0.0605,0.0607,0.0429,0.0433,0.0442,0.0578,0.0569,0.0564,0.062,0.0602,0.0611,0.0597,0.0595,0.0613,0.0431,0.0432,0.0429
7,5400.132,27.9,0.3428,0.2808,0.4416,0.3446,0.3535,0.3225,0.3647,0.3945,0.3083,0.3061,0.3704,0.3194,0.1605,0.1863,0.1867,0.1784,0.1985,0.2008,0.1935,0.1863,0.2144,0.1978,0.1976,0.176,0.1178,0.0989,0.1087,0.1174,0.1067,0.1065,0.1018,0.1099,0.1016,0.0927,0.0904,0.0935,0.0864,0.0797,0.0805,0.0921,0.0831,0.0843,0.0878,0.1007,0.0943,0.0717,0.0702,0.0756,0.0668,0.0607,0.0623,0.0685,0.0673,0.0666,0.0692,0.0756,0.069,0.0567,0.0552,0.0554,0.0572,0.0568,0.0574,0.0637,0.0628,0.0627,0.0627,0.0657,0.0643,0.0471,0.0475,0.0463,0.0563,0.0561,0.0568,0.0633,0.0627,0.0623,0.0617,0.0605,0.0606,0.043,0.0432,0.0442,0.0581,0.057,0.0563,0.0628,0.0608,0.0616,0.0596,0.0597,0.0616,0.0431,0.0432,0.043
8,6300.158,28.1,0.3211,0.2653,0.4332,0.3209,0.3383,0.3028,0.3552,0.3554,0.2917,0.2807,0.3504,0.3054,0.1605,0.1858,0.1877,0.1795,0.2028,0.2017,0.1943,0.186,0.2074,0.1969,0.1966,0.1759,0.1179,0.0988,0.1089,0.119,0.108,0.1088,0.1026,0.1106,0.1021,0.0927,0.0903,0.0935,0.0865,0.08,0.0805,0.0933,0.084,0.0851,0.0882,0.1014,0.0949,0.0715,0.0701,0.0754,0.0667,0.0608,0.0623,0.0688,0.0679,0.067,0.0697,0.0758,0.0693,0.0567,0.0552,0.0553,0.057,0.0567,0.0573,0.0644,0.0635,0.0634,0.0634,0.066,0.0646,0.0472,0.0475,0.0463,0.0564,0.0562,0.0566,0.064,0.0633,0.063,0.0624,0.061,0.0612,0.043,0.0433,0.0443,0.0585,0.057,0.0562,0.0635,0.0615,0.062,0.0597,0.0599,0.0614,0.0431,0.0433,0.043
9,7200.186,28.1,0.3013,0.2538,0.4208,0.3061,0.3294,0.2892,0.3479,0.3262,0.28,0.2641,0.3335,0.2977,0.1595,0.185,0.1871,0.18,0.2035,0.2024,0.1947,0.1863,0.2087,0.1958,0.1953,0.1759,0.1178,0.0987,0.1087,0.1191,0.1083,0.1091,0.1031,0.1113,0.1028,0.0925,0.0903,0.0934,0.0862,0.0797,0.0803,0.0938,0.0844,0.0855,0.0888,0.102,0.0956,0.0714,0.07,0.0754,0.0666,0.0605,0.0621,0.0695,0.0686,0.0675,0.0702,0.0766,0.0697,0.0565,0.0551,0.0553,0.0571,0.0568,0.0574,0.065,0.0641,0.0638,0.0632,0.0664,0.065,0.0471,0.0474,0.0463,0.0563,0.0561,0.0567,0.0641,0.0635,0.0631,0.0628,0.0616,0.0618,0.0429,0.0433,0.0441,0.0583,0.0568,0.0564,0.0634,0.0619,0.063,0.06,0.0604,0.0618,0.0431,0.0433,0.0429
10,8100.213,28,0.2895,0.2497,0.4146,0.3055,0.3331,0.2833,0.3466,0.3089,0.2743,0.2561,0.3217,0.2959,0.1594,0.1843,0.1877,0.1805,0.2051,0.2028,0.1955,0.1872,0.2096,0.1953,0.1948,0.1752,0.1179,0.0986,0.1087,0.12,0.1092,0.1085,0.1043,0.1124,0.1036,0.0925,0.0901,0.0933,0.0862,0.0796,0.0802,0.0939,0.0848,0.0857,0.0896,0.1029,0.0963,0.0713,0.0698,0.0752,0.0666,0.0603,0.0618,0.0693,0.0683,0.0674,0.0707,0.0773,0.0702,0.0563,0.0549,0.0552,0.0573,0.057,0.0575,0.0655,0.0645,0.0641,0.0641,0.0669,0.0655,0.047,0.0473,0.0462,0.0563,0.0563,0.0569,0.0642,0.0636,0.063,0.0634,0.0621,0.0624,0.0429,0.0433,0.0442,0.0585,0.0569,0.0563,0.0635,0.0617,0.0623,0.0601,0.0604,0.062,0.0431,0.0433,0.0429
11,9000.232,27.9,0.2851,0.2564,0.4187,0.3208,0.3519,0.2882,0.3552,0.3071,0.2808,0.2612,0.3227,0.3093,0.1592,0.1835,0.1868,0.1805,0.2055,0.2022,0.1958,0.1879,0.2094,0.194,0.1932,0.1742,0.1179,0.0988,0.109,0.1205,0.1095,0.1102,0.1054,0.1133,0.1045,0.0923,0.09,0.0932,0.0862,0.0797,0.0801,0.0947,0.0857,0.0866,0.0906,0.1042,0.0973,0.0712,0.0697,0.0752,0.0667,0.0604,0.062,0.0699,0.0688,0.068,0.0715,0.0779,0.0708,0.0562,0.0549,0.0551,0.0571,0.0569,0.0574,0.0655,0.0646,0.0642,0.0646,0.0676,0.0665,0.0469,0.0473,0.0461,0.0563,0.0562,0.0567,0.0635,0.0632,0.0627,0.0642,0.0628,0.063,0.0429,0.0432,0.0442,0.0587,0.057,0.0564,0.0619,0.0607,0.0616,0.061,0.0612,0.0623,0.0431,0.0433,0.0429
12,9900.251,27.8,0.2831,0.2645,0.4235,0.3358,0.3685,0.2917,0.3579,0.3073,0.2859,0.2705,0.3227,0.3227,0.1591,0.1831,0.1865,0.1807,0.2062,0.2026,0.1966,0.1889,0.2101,0.193,0.1922,0.1739,0.1179,0.0987,0.109,0.1206,0.1101,0.1106,0.1062,0.1144,0.1055,0.0922,0.0899,0.0931,0.0866,0.08,0.0804,0.0953,0.086,0.0868,0.0915,0.1053,0.0982,0.0711,0.0696,0.075,0.0667,0.0605,0.0622,0.07,0.0689,0.0679,0.0722,0.0786,0.0712,0.0563,0.0547,0.055,0.0575,0.0572,0.0575,0.0659,0.0649,0.0644,0.0655,0.0685,0.067,0.0469,0.0473,0.0461,0.0565,0.0565,0.0571,0.0637,0.0633,0.0629,0.0652,0.0635,0.0641,0.0429,0.0432,0.044,0.0589,0.0573,0.0566,0.062,0.0603,0.0609,0.0614,0.062,0.0634,0.0431,0.0432,0.0429
13,10800.271,27.9,0.2773,0.2642,0.4221,0.3417,0.3786,0.2917,0.3525,0.3077,0.2859,0.285,0.3184,0.3289,0.1592,0.1829,0.1862,0.1817,0.2069,0.2031,0.1966,0.1889,0.2104,0.1923,0.1914,0.1731,0.118,0.0988,0.1088,0.1213,0.1103,0.1112,0.1073,0.1154,0.1064,0.0922,0.0898,0.093,0.0863,0.0798,0.0802,0.0956,0.0863,0.087,0.0923,0.106,0.0991,0.0709,0.0695,0.0748,0.0668,0.0606,0.0623,0.0702,0.0691,0.068,0.0732,0.0796,0.072,0.0562,0.0547,0.0549,0.0573,0.057,0.0574,0.0657,0.0649,0.0646,0.0661,0.0694,0.0679,0.0469,0.0473,0.0462,0.0567,0.0564,0.057,0.0634,0.0631,0.0625,0.0657,0.0639,0.0642,0.0429,0.0433,0.0442,0.0591,0.058,0.0567,0.062,0.0598,0.0602,0.0624,0.0627,0.0637,0.0431,0.0433,0.0429
14,11700.294,28,0.2698,0.2601,0.4142,0.3435,0.3815,0.2885,0.3446,0.3054,0.2828,0.2964,0.315,0.3341,0.1589,0.1825,0.1857,0.1823,0.2073,0.203,0.1968,0.1898,0.2105,0.1915,0.19,0.1719,0.1182,0.0988,0.1092,0.1225,0.1113,0.1122,0.108,0.1161,0.1071,0.092,0.0898,0.0929,0.0861,0.0798,0.0803,0.0967,0.0871,0.0878,0.0929,0.1066,0.0996,0.0709,0.0694,0.0747,0.0669,0.0605,0.0621,0.0706,0.0695,0.0684,0.0734,0.0799,0.0723,0.0561,0.0547,0.0549,0.0575,0.0573,0.0577,0.0663,0.0658,0.0654,0.0666,0.0697,0.0685,0.0468,0.0472,0.0461,0.0568,0.0566,0.0573,0.0637,0.0633,0.0627,0.0663,0.0644,0.0649,0.043,0.0433,0.0441,0.0591,0.0576,0.0568,0.0617,0.0605,0.0607,0.0629,0.0636,0.0637,0.043,0.0433,0.0429
15,12600.313,28,0.259,0.2494,0.3926,0.3328,0.3704,0.2808,0.3319,0.2952,0.2718,0.3007,0.3022,0.3262,0.159,0.1818,0.1854,0.1831,0.2083,0.2046,0.1968,0.1902,0.2102,0.1908,0.189,0.1715,0.1181,0.0989,0.1091,0.1235,0.1123,0.1137,0.109,0.1167,0.1078,0.092,0.0897,0.0928,0.0861,0.0799,0.0803,0.0976,0.0881,0.089,0.0934,0.1073,0.1005,0.0706,0.0693,0.0746,0.0668,0.0605,0.0622,0.0713,0.0702,0.0692,0.0736,0.0803,0.0728,0.056,0.0546,0.0548,0.0576,0.0575,0.0579,0.0673,0.0663,0.0658,0.0671,0.0703,0.0689,0.0469,0.0472,0.0461,0.057,0.0568,0.0574,0.0641,0.0638,0.0633,0.0667,0.065,0.0652,0.0429,0.0433,0.0441,0.0606,0.0579,0.057,0.0627,0.0605,0.0608,0.0642,0.066,0.065,0.0431,0.0433,0.0429
16,13500.333,28,0.2528,0.2422,0.3735,0.3248,0.3604,0.2755,0.3232,0.2886,0.2644,0.3005,0.2914,0.3208,0.1589,0.1815,0.1851,0.1835,0.2079,0.2042,0.1973,0.1907,0.2101,0.1898,0.1885,0.171,0.1183,0.0988,0.1091,0.1246,0.1134,0.1147,0.1093,0.1171,0.108,0.0918,0.0896,0.0927,0.0862,0.0798,0.0804,0.0991,0.0893,0.0899,0.0938,0.108,0.1009,0.0706,0.0692,0.0746,0.0669,0.0606,0.0619,0.0719,0.0713,0.07,0.0742,0.0809,0.0732,0.0559,0.0546,0.0548,0.0577,0.0575,0.0578,0.0679,0.0674,0.0665,0.0676,0.0709,0.0696,0.0468,0.0471,0.046,0.057,0.0568,0.0574,0.0644,0.0643,0.0634,0.0671,0.0654,0.0656,0.0429,0.0433,0.0442,0.0594,0.0579,0.0574,0.0647,0.0619,0.0623,0.0632,0.0646,0.0645,0.043,0.0433,0.0429
17,14400.362,27.9,0.2455,0.2383,0.3609,0.3229,0.3543,0.2724,0.3158,0.2865,0.2605,0.3027,0.2835,0.3173,0.1589,0.1812,0.1854,0.1847,0.2094,0.2053,0.1974,0.1914,0.2105,0.1892,0.1875,0.1701,0.1184,0.0989,0.1092,0.1254,0.1144,0.1155,0.1098,0.1178,0.1086,0.0918,0.0894,0.0925,0.0861,0.0797,0.0802,0.0999,0.09,0.0909,0.0942,0.1084,0.1015,0.0706,0.0691,0.0745,0.0667,0.0605,0.0621,0.0727,0.0715,0.0704,0.0744,0.0811,0.0733,0.0558,0.0545,0.0547,0.0576,0.0575,0.0579,0.0683,0.0681,0.0674,0.0675,0.0713,0.0697,0.0467,0.0471,0.046,0.057,0.0568,0.0574,0.065,0.065,0.064,0.0676,0.0656,0.0659,0.0429,0.0432,0.0441,0.0595,0.058,0.0575,0.0659,0.0633,0.0643,0.0667,0.0655,0.0647,0.043,0.0432,0.0429
18,15300.393,28,0.2394,0.2352,0.3488,0.3213,0.3518,0.2705,0.3091,0.2865,0.2587,0.305,0.2796,0.3133,0.1587,0.1807,0.1847,0.1856,0.2106,0.2067,0.1971,0.1916,0.2101,0.1881,0.1863,0.1693,0.1185,0.0988,0.1093,0.1267,0.1152,0.1171,0.1104,0.1185,0.1094,0.0918,0.0894,0.0926,0.0865,0.0798,0.0805,0.1014,0.0917,0.0923,0.0947,0.109,0.1022,0.0706,0.0692,0.0744,0.067,0.0609,0.0624,0.0744,0.0731,0.0719,0.0752,0.0818,0.0738,0.0559,0.0545,0.0547,0.0578,0.0576,0.058,0.0701,0.0694,0.0686,0.0682,0.0717,0.0704,0.0468,0.0472,0.0461,0.0572,0.0571,0.0578,0.0661,0.0664,0.0656,0.0683,0.0663,0.0665,0.043,0.0433,0.0441,0.0599,0.0584,0.0577,0.066,0.0636,0.0646,0.0662,0.0673,0.0674,0.0432,0.0434,0.043
19,16200.412,28,0.2351,0.2345,0.3392,0.3258,0.3505,0.2697,0.305,0.2867,0.2589,0.3036,0.2775,0.3117,0.1585,0.1801,0.1844,0.1859,0.2099,0.2058,0.1973,0.1917,0.2099,0.187,0.1855,0.1685,0.1186,0.0989,0.1093,0.1274,0.1164,0.118,0.1112,0.1186,0.11,0.0917,0.0893,0.0924,0.0863,0.0798,0.0804,0.1025,0.0928,0.0938,0.0953,0.1097,0.1028,0.0704,0.069,0.0744,0.0672,0.0608,0.0623,0.0749,0.0735,0.0732,0.0754,0.0819,0.0742,0.0558,0.0544,0.0546,0.0578,0.0577,0.0581,0.0709,0.0706,0.0697,0.0684,0.0719,0.0705,0.0468,0.0471,0.046,0.0574,0.0572,0.0579,0.068,0.0678,0.0669,0.0689,0.0668,0.067,0.0429,0.0433,0.0441,0.0601,0.0588,0.058,0.0659,0.0643,0.0652,0.067,0.0662,0.067,0.0431,0.0433,0.0429
20,17100.443,28,0.2338,0.236,0.3328,0.3296,0.3495,0.2695,0.3011,0.287,0.2598,0.3017,0.2761,0.3102,0.1586,0.18,0.1841,0.1864,0.2106,0.2071,0.1978,0.1922,0.2103,0.1865,0.1844,0.168,0.1186,0.0988,0.1094,0.1284,0.117,0.1192,0.1117,0.1191,0.1104,0.0915,0.0892,0.0922,0.0862,0.0797,0.0803,0.1041,0.0939,0.0949,0.0957,0.1102,0.1031,0.0703,0.0688,0.0742,0.067,0.0609,0.0623,0.0757,0.0745,0.0739,0.0756,0.0822,0.0745,0.0557,0.0544,0.0545,0.0578,0.0578,0.058,0.0724,0.0716,0.0708,0.0685,0.0723,0.071,0.0467,0.047,0.0459,0.0574,0.0573,0.0579,0.0693,0.0686,0.0677,0.0693,0.0672,0.0677,0.043,0.0433,0.0441,0.0683,0.059,0.0581,0.0659,0.0639,0.0648,0.0697,0.0696,0.0697,0.0432,0.0433,0.043
21,18000.469,28,0.2327,0.2357,0.3242,0.3317,0.3479,0.2682,0.2966,0.2863,0.2585,0.298,0.2732,0.307,0.1584,0.18,0.184,0.1881,0.2112,0.2092,0.1978,0.1925,0.21,0.1856,0.1837,0.1674,0.1185,0.0987,0.1093,0.1298,0.1185,0.1209,0.1123,0.1201,0.1112,0.0915,0.0892,0.0923,0.0862,0.0797,0.0803,0.1059,0.0952,0.0968,0.0962,0.1107,0.1036,0.0702,0.0688,0.0742,0.0671,0.0608,0.0624,0.0771,0.0762,0.0754,0.0761,0.0827,0.075,0.0557,0.0543,0.0545,0.058,0.0579,0.0582,0.0737,0.0734,0.0727,0.069,0.0729,0.0713,0.0467,0.0471,0.046,0.0573,0.0573,0.058,0.0703,0.07,0.0697,0.0701,0.0678,0.0682,0.0429,0.0433,0.0441,0.0608,0.0593,0.0585,0.067,0.0646,0.0652,0.0717,0.0716,0.0709,0.0431,0.0433,0.0429
22,18900.498,27.9,0.2297,0.234,0.3167,0.3344,0.3453,0.2671,0.2938,0.2838,0.2571,0.2913,0.2708,0.3058,0.1582,0.1794,0.1836,0.1887,0.2114,0.2099,0.1978,0.1925,0.2098,0.1844,0.1832,0.1668,0.1186,0.0988,0.1095,0.1323,0.1206,0.123,0.1128,0.1208,0.1114,0.0914,0.089,0.0921,0.0865,0.0798,0.0803,0.1078,0.0966,0.0988,0.0966,0.1114,0.1042,0.0701,0.0687,0.0741,0.067,0.0609,0.0623,0.0786,0.0775,0.0765,0.0764,0.0831,0.0751,0.0556,0.0542,0.0544,0.0581,0.058,0.0583,0.0755,0.0746,0.074,0.0696,0.0733,0.0719,0.0466,0.047,0.046,0.0576,0.0574,0.0581,0.0723,0.0721,0.0711,0.0707,0.0685,0.0689,0.0429,0.0433,0.0441,0.0609,0.0595,0.0593,0.0687,0.0657,0.0664,0.0732,0.0723,0.0728,0.0431,0.0433,0.043
23,19800.524,28,0.2248,0.2274,0.3027,0.3293,0.3346,0.2627,0.2861,0.2758,0.2494,0.2788,0.2603,0.2957,0.1585,0.179,0.1833,0.1918,0.2155,0.2111,0.1981,0.193,0.2099,0.1838,0.1821,0.1659,0.1189,0.0989,0.1096,0.1352,0.1226,0.1257,0.1137,0.1213,0.1123,0.0914,0.0891,0.0921,0.0867,0.08,0.0806,0.1106,0.0994,0.1016,0.0972,0.1122,0.1048,0.0701,0.0687,0.0739,0.0672,0.0612,0.0626,0.0809,0.0801,0.08,0.0771,0.0837,0.0756,0.0556,0.0542,0.0545,0.0583,0.0583,0.0585,0.0776,0.0772,0.0761,0.0704,0.0744,0.0729,0.0466,0.047,0.0459,0.0578,0.0577,0.0583,0.0746,0.0741,0.0734,0.0717,0.0693,0.0698,0.0428,0.0432,0.0442,0.0609,0.0594,0.0593,0.0706,0.0672,0.068,0.0742,0.0723,0.0734,0.0431,0.0433,0.0431
24,20700.555,28.1,0.217,0.2146,0.2786,0.3118,0.3131,0.2542,0.275,0.261,0.2345,0.2603,0.2439,0.2764,0.1582,0.1787,0.1828,0.1925,0.2158,0.2126,0.1983,0.193,0.2101,0.183,0.181,0.1656,0.1187,0.0987,0.1096,0.1373,0.1243,0.1277,0.1147,0.1221,0.1129,0.0912,0.0889,0.092,0.0866,0.0799,0.0805,0.1128,0.1016,0.1038,0.0977,0.1132,0.1056,0.07,0.0685,0.0739,0.0672,0.0611,0.0625,0.0829,0.0818,0.0815,0.0776,0.0842,0.0758,0.0556,0.0542,0.0544,0.0584,0.0583,0.0584,0.0798,0.0796,0.0782,0.0713,0.0753,0.0737,0.0466,0.047,0.0459,0.0577,0.0577,0.0584,0.077,0.0762,0.0755,0.0727,0.0701,0.0708,0.0429,0.0433,0.0442,0.0648,0.0596,0.0592,0.0731,0.0695,0.0702,0.075,0.0739,0.0742,0.0431,0.0433,0.0428
25,21600.569,28.2,0.2078,0.2006,0.2525,0.2902,0.2898,0.2447,0.2621,0.2463,0.2195,0.2409,0.2247,0.2522,0.1587,0.1792,0.1833,0.1972,0.2202,0.2169,0.1989,0.1938,0.2106,0.1824,0.1806,0.1651,0.1189,0.0986,0.1096,0.1406,0.127,0.1301,0.1157,0.1231,0.114,0.0913,0.0889,0.0921,0.0864,0.0796,0.0804,0.115,0.1041,0.1062,0.0983,0.114,0.1065,0.0699,0.0684,0.0738,0.0673,0.061,0.0626,0.0853,0.0837,0.0838,0.0783,0.085,0.0764,0.0555,0.0541,0.0543,0.0584,0.0583,0.0585,0.0823,0.0826,0.0806,0.0724,0.0764,0.0749,0.0466,0.047,0.0459,0.0579,0.0577,0.0583,0.0791,0.0786,0.0777,0.0738,0.0713,0.0717,0.0429,0.0433,0.0441,0.0616,0.0601,0.0592,0.0758,0.0722,0.0731,0.0763,0.0748,0.0753,0.0431,0.0433,0.0431
26,22500.594,28.1,0.2018,0.1943,0.2419,0.2846,0.284,0.2422,0.2561,0.2409,0.2122,0.2304,0.2125,0.2359,0.1582,0.1783,0.1825,0.1984,0.2199,0.2188,0.1989,0.194,0.2106,0.1817,0.1798,0.1647,0.1187,0.0985,0.1095,0.1431,0.1294,0.133,0.1169,0.124,0.1147,0.0912,0.0888,0.0919,0.0864,0.0794,0.0802,0.1171,0.1066,0.1088,0.099,0.1148,0.1073,0.0699,0.0684,0.0737,0.0673,0.061,0.0623,0.0876,0.0866,0.0865,0.0791,0.086,0.0768,0.0554,0.0541,0.0543,0.0584,0.0583,0.0585,0.0846,0.085,0.083,0.0732,0.0778,0.0763,0.0466,0.0469,0.0459,0.0579,0.0578,0.0585,0.0817,0.0812,0.0805,0.0752,0.0725,0.073,0.0429,0.0439,0.0441,0.062,0.06,0.0595,0.0788,0.075,0.076,0.0775,0.0763,0.0763,0.0431,0.0433,0.0429
27,23400.614,28.1,0.2007,0.1956,0.247,0.2994,0.2996,0.2493,0.2629,0.2471,0.2152,0.2293,0.2089,0.2311,0.1585,0.1783,0.1828,0.2016,0.2232,0.2216,0.1994,0.1945,0.2114,0.1812,0.1792,0.1642,0.1187,0.0982,0.1092,0.1463,0.1321,0.1359,0.1186,0.125,0.1152,0.0911,0.0888,0.0919,0.0863,0.0791,0.08,0.1193,0.1089,0.111,0.0998,0.1162,0.1084,0.0697,0.0683,0.0736,0.0672,0.061,0.0623,0.0903,0.0893,0.0889,0.0801,0.0869,0.0774,0.0554,0.054,0.0543,0.0585,0.0583,0.0585,0.0875,0.088,0.0854,0.0745,0.079,0.0774,0.0468,0.047,0.0459,0.058,0.0579,0.0585,0.0841,0.0836,0.0827,0.0762,0.0734,0.0743,0.043,0.0439,0.0442,0.0612,0.0597,0.0596,0.0819,0.0779,0.0787,0.0787,0.0776,0.0778,0.0432,0.0433,0.0429
28,24300.639,28,0.2025,0.2008,0.2559,0.3144,0.3173,0.2577,0.2698,0.2529,0.2193,0.2328,0.2102,0.2336,0.1579,0.1775,0.182,0.2044,0.2261,0.2244,0.1992,0.1956,0.2126,0.1803,0.1783,0.1638,0.1181,0.0976,0.1085,0.1487,0.1352,0.1388,0.1203,0.1262,0.1164,0.0911,0.0887,0.0918,0.0857,0.0786,0.0795,0.1216,0.1115,0.114,0.1006,0.1172,0.1097,0.0698,0.0684,0.0737,0.067,0.0607,0.062,0.0923,0.0915,0.0916,0.081,0.0878,0.0777,0.0553,0.054,0.0542,0.0583,0.058,0.0582,0.0902,0.0906,0.0879,0.0755,0.0798,0.0785,0.0465,0.047,0.0459,0.0579,0.0578,0.0586,0.0865,0.086,0.0853,0.0774,0.0747,0.0756,0.0429,0.0432,0.0443,0.0608,0.0595,0.0597,0.0853,0.0809,0.0821,0.0796,0.0783,0.0786,0.0432,0.0433,0.0429
29,25200.667,27.9,0.2019,0.2012,0.2584,0.3242,0.3302,0.2628,0.2737,0.2583,0.222,0.2333,0.2074,0.2304,0.1577,0.1771,0.1819,0.2073,0.2289,0.2274,0.1995,0.1977,0.2144,0.1798,0.1783,0.1633,0.1176,0.0972,0.1081,0.1518,0.1379,0.1417,0.1215,0.1274,0.1174,0.091,0.0886,0.0917,0.0854,0.078,0.0791,0.1239,0.1143,0.1168,0.1016,0.1182,0.1108,0.0697,0.0682,0.0735,0.0667,0.0605,0.0618,0.0945,0.0939,0.0939,0.0821,0.0888,0.0783,0.0554,0.054,0.0541,0.058,0.0577,0.058,0.0934,0.0941,0.0905,0.0766,0.0806,0.0795,0.0465,0.0469,0.0458,0.0579,0.0576,0.0583,0.0888,0.0883,0.0873,0.0783,0.0755,0.0763,0.0429,0.0432,0.0442,0.0627,0.0595,0.0595,0.0896,0.084,0.0854,0.081,0.0798,0.0804,0.0431,0.0433,0.043
30,26100.695,28,0.2003,0.2003,0.2556,0.324,0.3323,0.2652,0.2746,0.259,0.2216,0.2335,0.2059,0.2277,0.157,0.176,0.1806,0.2098,0.2304,0.2299,0.2003,0.1992,0.2146,0.1791,0.1773,0.1626,0.1172,0.0967,0.1078,0.1547,0.1409,0.1447,0.1225,0.1288,0.119,0.0909,0.0886,0.0917,0.0853,0.0779,0.0789,0.127,0.1174,0.1199,0.1029,0.1194,0.112,0.0696,0.0682,0.0734,0.0664,0.0604,0.0615,0.0974,0.0969,0.097,0.0833,0.0899,0.079,0.0552,0.0539,0.0542,0.0578,0.0575,0.0577,0.0963,0.0974,0.0939,0.0776,0.0816,0.0805,0.0465,0.0469,0.0458,0.0576,0.0574,0.0583,0.092,0.0914,0.0903,0.0795,0.0768,0.0776,0.0429,0.0433,0.0441,0.0638,0.0591,0.0594,0.0944,0.0884,0.0899,0.0823,0.081,0.0816,0.0432,0.0433,0.0429
31,27000.714,28.1,0.198,0.1966,0.2481,0.3187,0.3289,0.2655,0.2717,0.2573,0.2188,0.2312,0.2023,0.2225,0.1566,0.1754,0.18,0.2115,0.2313,0.2304,0.2014,0.1997,0.2151,0.1783,0.1765,0.1621,0.1169,0.0965,0.1075,0.1574,0.1434,0.1468,0.1234,0.1298,0.1199,0.0909,0.0884,0.0915,0.0849,0.0776,0.0786,0.1289,0.1197,0.1221,0.1041,0.1205,0.1132,0.0696,0.068,0.0735,0.0662,0.0601,0.0614,0.0994,0.0991,0.0992,0.084,0.0907,0.0793,0.0552,0.0539,0.0541,0.0577,0.0574,0.0575,0.0994,0.1006,0.0965,0.0787,0.0826,0.0817,0.0466,0.0469,0.0458,0.0574,0.0573,0.058,0.0943,0.0941,0.093,0.0809,0.0782,0.0789,0.0429,0.0433,0.0442,0.0599,0.0589,0.059,0.0986,0.0932,0.0945,0.0835,0.0824,0.0827,0.0431,0.0434,0.043
32,27900.739,28,0.1958,0.1949,0.2428,0.3162,0.3255,0.2662,0.2702,0.2547,0.2166,0.2293,0.2005,0.22,0.1562,0.1747,0.1793,0.2136,0.2338,0.2332,0.2025,0.2003,0.2154,0.1775,0.1757,0.1615,0.117,0.0963,0.1074,0.1608,0.147,0.1509,0.1245,0.1307,0.1211,0.0907,0.0884,0.0915,0.0849,0.0776,0.0785,0.1318,0.123,0.1254,0.1055,0.1215,0.1143,0.0694,0.068,0.0733,0.0662,0.0602,0.0614,0.1025,0.1022,0.1022,0.0849,0.0918,0.0801,0.0551,0.0538,0.054,0.0576,0.0573,0.0575,0.1027,0.1038,0.0997,0.0796,0.0837,0.0824,0.0465,0.0469,0.0459,0.0572,0.0572,0.0579,0.0972,0.097,0.0958,0.0817,0.0793,0.0802,0.0428,0.0431,0.0441,0.0594,0.0585,0.0586,0.1025,0.0969,0.0983,0.085,0.0836,0.0841,0.0435,0.0433,0.0431
33,28800.758,28,0.1925,0.1928,0.2386,0.3151,0.3248,0.2669,0.2675,0.2541,0.2144,0.2262,0.1958,0.2147,0.156,0.1743,0.1789,0.2212,0.2413,0.2399,0.2042,0.2014,0.216,0.1772,0.175,0.1608,0.1168,0.0964,0.1074,0.1635,0.1507,0.154,0.1256,0.1323,0.1226,0.0907,0.0884,0.0913,0.0851,0.0775,0.0785,0.1348,0.1259,0.1286,0.107,0.1228,0.1155,0.0694,0.0679,0.0733,0.0663,0.0602,0.0613,0.1053,0.1051,0.1052,0.086,0.0929,0.0806,0.0551,0.0538,0.054,0.0572,0.0571,0.0574,0.1056,0.107,0.1029,0.0808,0.0846,0.0838,0.0465,0.0468,0.0458,0.0569,0.0571,0.0576,0.1002,0.1,0.0988,0.0828,0.0804,0.0814,0.0429,0.0432,0.0441,0.0592,0.0585,0.0585,0.1099,0.1021,0.1046,0.0859,0.0845,0.0851,0.0432,0.0433,0.0429
34,29700.776,27.9,0.1884,0.1867,0.2271,0.305,0.3142,0.2647,0.2608,0.2485,0.2106,0.2222,0.1923,0.2094,0.1556,0.1738,0.1782,0.2194,0.24,0.2404,0.2044,0.2019,0.216,0.1764,0.1746,0.1606,0.117,0.0965,0.1076,0.1685,0.1547,0.1587,0.1266,0.133,0.1235,0.0907,0.0883,0.0913,0.0853,0.0778,0.0787,0.1383,0.1291,0.1319,0.1079,0.1238,0.1166,0.0694,0.0679,0.0732,0.0663,0.0604,0.0616,0.1081,0.1077,0.1079,0.0871,0.0939,0.0815,0.0551,0.0538,0.054,0.0572,0.0572,0.0575,0.1088,0.1102,0.1059,0.0818,0.0857,0.0849,0.0465,0.0468,0.0458,0.057,0.0571,0.0578,0.1024,0.1023,0.1009,0.0839,0.0817,0.0823,0.0429,0.0433,0.0441,0.0612,0.0585,0.0584,0.116,0.1048,0.1079,0.0874,0.0859,0.087,0.0433,0.0434,0.0431
35,30600.792,28.1,0.1859,0.1839,0.2208,0.3011,0.3094,0.2645,0.2559,0.2464,0.2085,0.2198,0.1888,0.2054,0.1559,0.1738,0.1785,0.2247,0.2442,0.2432,0.2056,0.202,0.2165,0.176,0.1741,0.1602,0.1173,0.0967,0.1077,0.1715,0.1578,0.1617,0.1274,0.134,0.1245,0.0906,0.0882,0.0913,0.0854,0.0778,0.079,0.1414,0.1323,0.1346,0.1088,0.1251,0.1178,0.0693,0.0679,0.0731,0.0665,0.0605,0.0617,0.1111,0.111,0.1111,0.0881,0.0948,0.0824,0.0551,0.0538,0.0539,0.0575,0.0575,0.0577,0.1121,0.1138,0.1088,0.0828,0.0868,0.086,0.0465,0.0468,0.0458,0.0569,0.0572,0.0579,0.1051,0.1053,0.1037,0.085,0.0828,0.0835,0.0429,0.0439,0.0441,0.0596,0.0588,0.0587,0.1283,0.1139,0.1182,0.0886,0.0872,0.0885,0.0434,0.0433,0.0429
36,31500.808,28.1,0.1812,0.1785,0.2104,0.2904,0.2987,0.2625,0.2469,0.2408,0.2039,0.2144,0.1846,0.1992,0.1555,0.1733,0.178,0.2271,0.2469,0.2468,0.206,0.2021,0.2164,0.1752,0.1732,0.1599,0.1176,0.0968,0.108,0.1766,0.163,0.1675,0.1284,0.1352,0.1256,0.0906,0.0881,0.0912,0.0858,0.0782,0.0791,0.1453,0.1365,0.1393,0.1102,0.1258,0.119,0.0692,0.0679,0.073,0.0668,0.0607,0.0619,0.1142,0.1141,0.1148,0.0892,0.096,0.0834,0.055,0.0537,0.054,0.0577,0.0577,0.058,0.1153,0.1172,0.1123,0.084,0.088,0.0872,0.0464,0.0468,0.0457,0.0569,0.0575,0.0583,0.1083,0.1086,0.107,0.0863,0.0842,0.0849,0.043,0.0432,0.0442,0.0596,0.0589,0.0589,0.1396,0.1257,0.1287,0.0899,0.0882,0.0898,0.0434,0.0434,0.0431
37,32400.822,28.2,0.1798,0.1769,0.209,0.2949,0.3032,0.2668,0.2467,0.2407,0.2034,0.2124,0.1821,0.195,0.1559,0.1735,0.1784,0.2321,0.2522,0.2517,0.2059,0.2029,0.2171,0.1745,0.1728,0.1595,0.118,0.0971,0.1082,0.1808,0.1676,0.1723,0.1296,0.1358,0.1266,0.0905,0.0881,0.091,0.0859,0.0784,0.0793,0.1482,0.1396,0.142,0.1113,0.127,0.1199,0.0691,0.0676,0.0731,0.0671,0.0609,0.0623,0.1168,0.1168,0.1172,0.0904,0.0972,0.0841,0.055,0.0536,0.0538,0.0577,0.0577,0.0581,0.1184,0.1206,0.115,0.0849,0.0889,0.0882,0.0464,0.0467,0.0457,0.0571,0.0576,0.0584,0.1104,0.1112,0.1093,0.0872,0.0852,0.0861,0.0429,0.0432,0.0441,0.0598,0.0593,0.0592,0.1442,0.1363,0.138,0.0913,0.0899,0.0909,0.0434,0.0433,0.0429
38,33300.844,28,0.1837,0.1838,0.2231,0.3192,0.3334,0.2796,0.2606,0.2539,0.2112,0.2215,0.1856,0.2008,0.1559,0.1733,0.1776,0.2375,0.2578,0.2575,0.2059,0.203,0.2168,0.1735,0.1719,0.1585,0.1183,0.0975,0.1086,0.1858,0.1718,0.1778,0.1311,0.1367,0.1279,0.0903,0.0879,0.091,0.0864,0.0788,0.0798,0.1522,0.1438,0.1458,0.1124,0.1278,0.1209,0.0691,0.0677,0.073,0.0675,0.0613,0.0627,0.12,0.1199,0.1205,0.0911,0.0982,0.0849,0.0549,0.0536,0.0538,0.0579,0.058,0.0584,0.1215,0.1239,0.1176,0.086,0.0899,0.0895,0.0463,0.0467,0.0457,0.0574,0.058,0.0587,0.1139,0.1142,0.1123,0.088,0.086,0.0871,0.0429,0.0432,0.0442,0.0601,0.0598,0.0595,0.149,0.1422,0.1439,0.0922,0.0909,0.0922,0.0433,0.0433,0.043
39,34200.86,27.9,0.1902,0.1932,0.2405,0.3433,0.3681,0.2952,0.2793,0.2717,0.2241,0.2385,0.1954,0.2148,0.1558,0.1729,0.1774,0.2399,0.2597,0.2603,0.2055,0.2033,0.2171,0.1727,0.1711,0.1579,0.1186,0.0978,0.1089,0.1893,0.1762,0.1818,0.1321,0.1377,0.1286,0.0903,0.0878,0.0908,0.0868,0.0793,0.0802,0.1563,0.1484,0.1505,0.1135,0.1287,0.1218,0.0689,0.0675,0.0727,0.068,0.0619,0.0631,0.1244,0.1243,0.1247,0.0922,0.0992,0.0863,0.0548,0.0536,0.0538,0.0585,0.0586,0.0589,0.1251,0.128,0.1212,0.0871,0.091,0.0908,0.0463,0.0467,0.0457,0.0578,0.0584,0.0592,0.1167,0.1171,0.1151,0.0894,0.0874,0.0885,0.0429,0.0439,0.044,0.0607,0.0604,0.0602,0.1498,0.1446,0.1466,0.0938,0.0922,0.0933,0.0434,0.0434,0.0429
40,35100.878,28,0.1963,0.2032,0.2564,0.3608,0.396,0.3083,0.2922,0.2865,0.2356,0.2582,0.2055,0.2277,0.1562,0.1734,0.1779,0.2454,0.2648,0.2642,0.2057,0.204,0.2172,0.1721,0.1706,0.1572,0.1191,0.0983,0.1094,0.1954,0.1819,0.1872,0.1333,0.1386,0.1294,0.0902,0.0877,0.0907,0.0873,0.0798,0.0808,0.1609,0.1526,0.1543,0.1144,0.1299,0.123,0.0688,0.0674,0.0728,0.0685,0.0625,0.0637,0.1273,0.1269,0.1277,0.0933,0.1003,0.087,0.0548,0.0535,0.0537,0.059,0.0591,0.0593,0.1284,0.1316,0.1241,0.0881,0.0921,0.0919,0.0463,0.0467,0.0457,0.0582,0.0587,0.0596,0.1193,0.1199,0.1174,0.0904,0.0885,0.0895,0.0429,0.0432,0.0442,0.0643,0.061,0.0607,0.1513,0.1462,0.1503,0.095,0.0935,0.095,0.0434,0.0433,0.043
41,36000.904,28,0.196,0.2027,0.253,0.3564,0.3914,0.3099,0.2876,0.2875,0.2361,0.2676,0.2084,0.2325,0.1562,0.173,0.1775,0.2483,0.2672,0.2668,0.2058,0.2051,0.2185,0.1714,0.1703,0.1568,0.1197,0.0988,0.1098,0.1992,0.1862,0.1916,0.1347,0.1399,0.1305,0.0901,0.0876,0.0906,0.0879,0.0804,0.0812,0.1646,0.1564,0.1565,0.1157,0.1311,0.1242,0.0688,0.0674,0.0726,0.069,0.0629,0.0642,0.1306,0.13,0.1312,0.0941,0.1012,0.0877,0.0547,0.0534,0.0536,0.0594,0.0596,0.0597,0.1325,0.1364,0.1271,0.0894,0.0934,0.0931,0.0463,0.0467,0.0456,0.0586,0.0592,0.06,0.122,0.1229,0.1206,0.0915,0.0896,0.0907,0.0429,0.0432,0.0442,0.0618,0.0615,0.0614,0.1561,0.1482,0.1511,0.0966,0.0945,0.0961,0.0434,0.0433,0.043
42,36900.925,27.9,0.1967,0.2031,0.2508,0.3561,0.3888,0.3138,0.285,0.287,0.2374,0.2752,0.2118,0.2363,0.1567,0.1732,0.1768,0.2546,0.2721,0.2697,0.2064,0.2062,0.2193,0.1708,0.1689,0.156,0.1202,0.0993,0.1105,0.2042,0.1892,0.1938,0.1362,0.1408,0.1315,0.09,0.0876,0.0904,0.0883,0.081,0.0819,0.1689,0.1609,0.1605,0.1169,0.1322,0.1254,0.0687,0.0673,0.0725,0.0695,0.0634,0.0647,0.1337,0.1332,0.1345,0.0951,0.1024,0.0889,0.0547,0.0534,0.0537,0.0601,0.0601,0.0604,0.1357,0.1394,0.1296,0.0905,0.0943,0.0943,0.0463,0.0466,0.0456,0.0592,0.0597,0.0605,0.1254,0.126,0.1233,0.0924,0.0907,0.0916,0.0429,0.0432,0.0441,0.0622,0.0618,0.0616,0.1515,0.1475,0.1531,0.0971,0.0956,0.0972,0.0434,0.0434,0.043
43,37800.948,28,0.1956,0.1996,0.2415,0.3483,0.3796,0.3149,0.2776,0.2832,0.2332,0.2759,0.209,0.2331,0.157,0.1734,0.1782,0.2577,0.2756,0.2742,0.2071,0.2078,0.221,0.1703,0.1682,0.1556,0.1207,0.0998,0.111,0.2085,0.1932,0.1994,0.1375,0.1422,0.1328,0.0899,0.0875,0.0904,0.089,0.0816,0.0824,0.1729,0.1657,0.165,0.118,0.1332,0.1266,0.0687,0.0672,0.0725,0.0701,0.064,0.0653,0.1365,0.1359,0.1371,0.0964,0.1034,0.09,0.0546,0.0533,0.0536,0.0605,0.0607,0.0609,0.1388,0.1432,0.1326,0.0916,0.0955,0.0957,0.0462,0.0466,0.0456,0.0596,0.0601,0.061,0.1278,0.1286,0.1255,0.0937,0.0919,0.0926,0.0429,0.0432,0.0442,0.0629,0.0627,0.0623,0.1548,0.1481,0.1539,0.099,0.0972,0.0991,0.0433,0.0433,0.043
44,38700.963,28.1,0.1924,0.1947,0.2328,0.3428,0.3708,0.3153,0.27,0.2804,0.2311,0.275,0.2046,0.2301,0.1575,0.1737,0.1784,0.2579,0.2764,0.2769,0.2077,0.2091,0.222,0.1695,0.1677,0.1552,0.1215,0.1004,0.1116,0.2115,0.1981,0.2031,0.139,0.1431,0.1337,0.0899,0.0874,0.0903,0.09,0.0825,0.0833,0.1758,0.1694,0.1678,0.1193,0.1348,0.128,0.0686,0.0673,0.0724,0.0707,0.0646,0.0659,0.1402,0.1402,0.1417,0.0973,0.1049,0.0911,0.0546,0.0533,0.0536,0.0611,0.0611,0.0615,0.142,0.1471,0.1357,0.0927,0.0965,0.0971,0.0463,0.0467,0.0456,0.0602,0.0608,0.0617,0.1314,0.1317,0.1287,0.0948,0.0931,0.0939,0.0429,0.0432,0.0439,0.0638,0.0632,0.063,0.1537,0.1468,0.151,0.1,0.0983,0.1005,0.0434,0.0434,0.043
45,39600.978,28.1,0.1895,0.192,0.2274,0.3421,0.3695,0.3197,0.2654,0.2777,0.2281,0.2731,0.2003,0.2243,0.1579,0.1739,0.1785,0.2625,0.2797,0.2789,0.2087,0.2107,0.223,0.1688,0.1667,0.1544,0.1224,0.1011,0.1124,0.2171,0.2011,0.2077,0.1406,0.1448,0.1349,0.0898,0.0873,0.0903,0.0904,0.083,0.084,0.1799,0.1737,0.1711,0.1205,0.136,0.1293,0.0686,0.0671,0.0724,0.0715,0.0654,0.0665,0.1428,0.1422,0.1443,0.0986,0.1058,0.0924,0.0546,0.0533,0.0536,0.0619,0.062,0.0621,0.1455,0.1506,0.1388,0.0937,0.0976,0.0982,0.0462,0.0466,0.0456,0.0607,0.0614,0.0624,0.1348,0.1354,0.1322,0.0962,0.0947,0.0954,0.0429,0.0432,0.0442,0.0685,0.0638,0.0635,0.1544,0.1469,0.1517,0.1012,0.0998,0.1018,0.0435,0.0433,0.043
46,40500.991,28,0.1908,0.193,0.2295,0.3519,0.3835,0.3297,0.27,0.284,0.2322,0.2798,0.2017,0.2259,0.1587,0.1744,0.1791,0.2692,0.2876,0.2874,0.2099,0.2122,0.2247,0.1674,0.1662,0.154,0.1233,0.1021,0.1132,0.2198,0.2045,0.2102,0.1418,0.1459,0.1361,0.0897,0.0872,0.0901,0.0914,0.0839,0.0849,0.1828,0.1767,0.1742,0.1219,0.1372,0.1308,0.0685,0.0671,0.0723,0.0723,0.0661,0.0672,0.1455,0.1452,0.1464,0.0994,0.1067,0.0935,0.0546,0.0533,0.0535,0.0625,0.0625,0.0627,0.1483,0.1541,0.1418,0.0949,0.0986,0.0993,0.0462,0.0466,0.0456,0.0614,0.0618,0.0629,0.137,0.1379,0.1344,0.0971,0.0956,0.0962,0.043,0.0433,0.044,0.0653,0.0646,0.0643,0.155,0.1468,0.1507,0.1025,0.101,0.103,0.0435,0.0433,0.0431
47,41401.009,28,0.1948,0.199,0.2386,0.3675,0.4103,0.3443,0.2811,0.2964,0.2405,0.2943,0.2069,0.2317,0.1594,0.1747,0.1795,0.2697,0.2882,0.2882,0.2108,0.214,0.2257,0.1677,0.1656,0.1533,0.1244,0.1031,0.1141,0.2231,0.2062,0.2127,0.1432,0.1472,0.1376,0.0896,0.0871,0.0899,0.0921,0.0848,0.0857,0.1855,0.1802,0.1757,0.1228,0.1384,0.1318,0.0684,0.067,0.0722,0.0731,0.0669,0.0682,0.1472,0.1466,0.1479,0.1004,0.1078,0.0945,0.0545,0.0532,0.0534,0.0634,0.0633,0.0635,0.1511,0.1567,0.1435,0.0958,0.0996,0.1005,0.0462,0.0465,0.0456,0.0619,0.0624,0.0635,0.1382,0.1394,0.1356,0.0977,0.0961,0.097,0.0428,0.0432,0.0441,0.0668,0.0654,0.0651,0.1555,0.1476,0.1506,0.1037,0.1021,0.1046,0.0434,0.0433,0.0429
48,42301.035,27.9,0.2003,0.2074,0.2488,0.3847,0.4434,0.3619,0.2947,0.3108,0.251,0.3129,0.2144,0.2402,0.16,0.1752,0.1798,0.2669,0.2875,0.2893,0.2114,0.2147,0.2264,0.1662,0.165,0.1529,0.1252,0.1039,0.1149,0.2242,0.2087,0.217,0.1449,0.1486,0.1384,0.0895,0.087,0.0899,0.0932,0.0858,0.0867,0.1893,0.1839,0.1796,0.124,0.1399,0.1331,0.0684,0.067,0.0721,0.074,0.0677,0.0688,0.1495,0.1499,0.1518,0.1016,0.1091,0.0956,0.0545,0.0532,0.0534,0.0641,0.0639,0.064,0.153,0.1588,0.1449,0.0969,0.1007,0.1016,0.0461,0.0465,0.0455,0.0627,0.0632,0.0642,0.1408,0.1414,0.1376,0.0983,0.0967,0.0978,0.0429,0.0432,0.044,0.0689,0.0662,0.0658,0.1575,0.1491,0.1513,0.1045,0.1029,0.1056,0.0434,0.0433,0.043
49,43201.056,28,0.2053,0.2144,0.2576,0.4001,0.4733,0.3793,0.307,0.3252,0.2619,0.3313,0.2209,0.2471,0.1608,0.1761,0.1808,0.2807,0.3009,0.3006,0.2129,0.2166,0.2279,0.1661,0.1641,0.1522,0.1265,0.1051,0.1161,0.2261,0.2094,0.218,0.1459,0.1502,0.14,0.0894,0.087,0.0898,0.0941,0.0869,0.0879,0.1901,0.1859,0.1812,0.1251,0.1409,0.1347,0.0683,0.0668,0.0721,0.0751,0.0689,0.07,0.1536,0.1532,0.1545,0.1025,0.1102,0.0967,0.0545,0.0532,0.0534,0.0653,0.0653,0.0653,0.1575,0.1637,0.1496,0.098,0.1021,0.1027,0.0462,0.0465,0.0456,0.0639,0.0642,0.0653,0.1431,0.1447,0.1413,0.1001,0.0983,0.0993,0.0429,0.0432,0.044,0.0734,0.0675,0.0671,0.159,0.1508,0.1526,0.1058,0.1044,0.107,0.0434,0.0434,0.0432
50,44101.072,27.9,0.2087,0.2182,0.2614,0.4078,0.4925,0.3934,0.3139,0.3365,0.2707,0.349,0.2273,0.2521,0.1615,0.1762,0.1809,0.2705,0.2894,0.2917,0.2128,0.217,0.2284,0.1653,0.1636,0.1518,0.1277,0.106,0.1172,0.2307,0.2137,0.2225,0.1474,0.1511,0.1405,0.0893,0.0868,0.0896,0.0953,0.0881,0.0891,0.1958,0.1916,0.1862,0.1264,0.1425,0.1359,0.0682,0.0668,0.072,0.0762,0.0699,0.071,0.1563,0.1566,0.1581,0.1034,0.1113,0.0978,0.0544,0.0531,0.0533,0.0664,0.0662,0.0663,0.1602,0.1666,0.1516,0.0991,0.1028,0.1037,0.0462,0.0466,0.0456,0.0645,0.0649,0.066,0.1463,0.1472,0.1438,0.1007,0.0991,0.0999,0.0429,0.0432,0.0441,0.0694,0.0684,0.0679,0.162,0.1523,0.1542,0.1067,0.1052,0.1074,0.0434,0.0433,0.043
51,45001.098,28,0.2068,0.2159,0.2561,0.4071,0.4922,0.3996,0.3093,0.3349,0.2692,0.3522,0.2253,0.2496,0.163,0.177,0.1823,0.2758,0.2939,0.2959,0.2147,0.2194,0.2303,0.165,0.1629,0.1511,0.1292,0.1073,0.1184,0.2321,0.2137,0.2229,0.1484,0.1524,0.142,0.0892,0.0868,0.0895,0.0965,0.0891,0.0902,0.1976,0.1953,0.1883,0.1277,0.1436,0.1368,0.0682,0.0668,0.0719,0.0771,0.0708,0.0718,0.1583,0.1579,0.1593,0.1042,0.1123,0.0985,0.0543,0.053,0.0533,0.0673,0.067,0.0671,0.1624,0.1688,0.1534,0.0998,0.1036,0.1044,0.0461,0.0465,0.0455,0.0655,0.0658,0.0671,0.1484,0.1493,0.1454,0.1015,0.0997,0.1008,0.0429,0.0432,0.0441,0.071,0.0697,0.0691,0.1621,0.1522,0.1548,0.1083,0.1065,0.1094,0.0434,0.0434,0.0431
52,45901.126,28,0.2042,0.21,0.2445,0.4013,0.4829,0.402,0.3008,0.3277,0.2636,0.3476,0.2194,0.2436,0.164,0.1779,0.1828,0.278,0.2977,0.299,0.2155,0.2197,0.2311,0.1641,0.1623,0.1506,0.1307,0.1087,0.1199,0.2325,0.2153,0.2239,0.1498,0.1535,0.1431,0.0892,0.0867,0.0895,0.0978,0.0906,0.0917,0.1992,0.1967,0.1897,0.1289,0.145,0.1382,0.0682,0.0668,0.0719,0.0784,0.072,0.0731,0.16,0.1601,0.162,0.1055,0.1134,0.0998,0.0544,0.0531,0.0533,0.0689,0.0682,0.0684,0.1649,0.1716,0.1552,0.101,0.1046,0.1058,0.0461,0.0464,0.0455,0.0665,0.067,0.0681,0.1498,0.1512,0.1479,0.1031,0.1012,0.1021,0.0428,0.0432,0.0441,0.0726,0.0711,0.0708,0.1662,0.1552,0.1574,0.1094,0.1076,0.1105,0.0434,0.0433,0.0431
53,46801.153,28,0.1986,0.2028,0.2328,0.397,0.4718,0.4007,0.2903,0.3193,0.2563,0.3379,0.2115,0.2355,0.1655,0.1791,0.184,0.2796,0.2971,0.3,0.2167,0.2218,0.2319,0.1633,0.1612,0.1502,0.1324,0.1102,0.1214,0.2338,0.2149,0.2247,0.1515,0.1553,0.145,0.0891,0.0866,0.0894,0.0989,0.0919,0.093,0.1999,0.1979,0.1901,0.1301,0.1462,0.1395,0.0681,0.0667,0.0718,0.0796,0.0732,0.0741,0.16,0.1604,0.1624,0.1065,0.1143,0.1009,0.0543,0.053,0.0532,0.0702,0.0694,0.0693,0.1665,0.1739,0.157,0.1018,0.1054,0.1068,0.0461,0.0464,0.0455,0.0675,0.068,0.0692,0.1521,0.1536,0.1499,0.1036,0.1016,0.103,0.0428,0.0432,0.0441,0.074,0.0726,0.0724,0.1681,0.1541,0.1587,0.1107,0.1088,0.1118,0.0433,0.0433,0.043
54,47701.175,28.2,0.1939,0.1961,0.224,0.396,0.4657,0.4036,0.2832,0.3126,0.2516,0.3296,0.2061,0.2284,0.1669,0.18,0.1852,0.2775,0.296,0.2991,0.2176,0.2222,0.233,0.163,0.161,0.1498,0.1342,0.1118,0.1231,0.2383,0.2185,0.2281,0.1527,0.1562,0.1457,0.0891,0.0866,0.0893,0.1005,0.0936,0.0946,0.2017,0.1992,0.1915,0.131,0.1475,0.1405,0.0681,0.0667,0.0718,0.0812,0.0747,0.0757,0.1636,0.1637,0.1654,0.1075,0.1154,0.102,0.0544,0.053,0.0533,0.0716,0.0707,0.0707,0.1686,0.176,0.1586,0.103,0.1065,0.1078,0.0461,0.0465,0.0455,0.0687,0.069,0.0704,0.1532,0.155,0.1512,0.1043,0.1025,0.1037,0.0429,0.0433,0.0441,0.0759,0.0738,0.0732,0.1682,0.1567,0.1582,0.1115,0.11,0.1129,0.0434,0.0434,0.0431
55,48601.199,28.1,0.192,0.1932,0.2204,0.4007,0.4703,0.4098,0.2825,0.3135,0.2515,0.3263,0.2028,0.2256,0.1685,0.1813,0.1867,0.2845,0.3026,0.3049,0.2192,0.2244,0.2342,0.1614,0.1604,0.1491,0.1362,0.1137,0.1249,0.2395,0.2187,0.2299,0.1541,0.1575,0.1475,0.089,0.0866,0.0892,0.102,0.0953,0.0964,0.2037,0.2023,0.1935,0.1326,0.1489,0.142,0.0679,0.0665,0.0718,0.0824,0.076,0.0766,0.1648,0.1647,0.1671,0.1083,0.1165,0.103,0.0543,0.053,0.0533,0.0727,0.072,0.0717,0.1696,0.1775,0.1602,0.1037,0.1074,0.1085,0.0461,0.0465,0.0455,0.0698,0.0703,0.0716,0.1566,0.1573,0.1533,0.1054,0.1038,0.105,0.0429,0.0432,0.0441,0.0777,0.0757,0.0752,0.1697,0.1591,0.1612,0.1132,0.1115,0.1144,0.0434,0.0434,0.043
56,49501.227,28,0.1953,0.1974,0.2245,0.414,0.4899,0.423,0.291,0.3229,0.2593,0.3371,0.2065,0.2293,0.1702,0.1825,0.1875,0.2837,0.3,0.2999,0.2201,0.225,0.2347,0.1616,0.1595,0.1485,0.1383,0.1154,0.1266,0.2403,0.2198,0.2301,0.1553,0.1587,0.1485,0.0889,0.0864,0.0891,0.1036,0.0966,0.0978,0.2057,0.2042,0.1948,0.1336,0.15,0.143,0.0679,0.0666,0.0717,0.0839,0.0778,0.078,0.1658,0.1666,0.17,0.1094,0.1176,0.1037,0.0542,0.0529,0.0531,0.0741,0.0732,0.0728,0.1722,0.1807,0.162,0.1049,0.1087,0.1097,0.0461,0.0464,0.0455,0.0709,0.0714,0.0728,0.1579,0.1592,0.1553,0.1064,0.1047,0.1058,0.0428,0.0432,0.044,0.0804,0.0773,0.0775,0.1728,0.1606,0.1626,0.114,0.1122,0.1152,0.0435,0.0434,0.0431
57,50401.251,27.9,0.2013,0.2042,0.2331,0.4285,0.5212,0.442,0.3049,0.3378,0.2705,0.3534,0.2127,0.2356,0.1717,0.1834,0.1887,0.2851,0.2984,0.299,0.2216,0.2262,0.236,0.1609,0.159,0.1479,0.1406,0.1171,0.1287,0.2422,0.22,0.2307,0.1566,0.16,0.1495,0.0888,0.0864,0.0889,0.1047,0.098,0.0995,0.2079,0.2064,0.1975,0.1347,0.151,0.1444,0.0678,0.0664,0.0716,0.0852,0.0793,0.0795,0.1689,0.1698,0.1717,0.1103,0.1186,0.1048,0.0542,0.0529,0.053,0.0757,0.0746,0.074,0.1752,0.1836,0.1635,0.1055,0.1096,0.1109,0.046,0.0464,0.0454,0.0721,0.0725,0.0742,0.1598,0.1608,0.1572,0.1073,0.1055,0.1068,0.0428,0.0431,0.0441,0.0823,0.0789,0.078,0.1737,0.1614,0.1634,0.1154,0.1133,0.1164,0.0433,0.0433,0.0432
58,51301.271,27.9,0.2029,0.207,0.235,0.4382,0.539,0.4552,0.312,0.3475,0.2784,0.3603,0.2142,0.2374,0.1728,0.184,0.1897,0.2833,0.2999,0.3013,0.2212,0.2263,0.237,0.1604,0.1583,0.1474,0.1426,0.1189,0.13,0.2412,0.2203,0.2322,0.1577,0.1606,0.1501,0.0887,0.0862,0.0888,0.1066,0.0998,0.1013,0.2086,0.208,0.1995,0.1357,0.1521,0.1454,0.0678,0.0664,0.0715,0.0866,0.0803,0.0809,0.1684,0.1692,0.1711,0.1109,0.1195,0.1055,0.0541,0.0528,0.053,0.0775,0.0762,0.0755,0.1755,0.1847,0.1651,0.1064,0.1104,0.1119,0.046,0.0463,0.0455,0.0735,0.0739,0.0759,0.162,0.1626,0.1585,0.1087,0.1071,0.1085,0.0428,0.0431,0.0442,0.0845,0.0803,0.0795,0.1734,0.1619,0.1636,0.1159,0.1142,0.1172,0.0433,0.0433,0.0431
59,52201.292,28,0.2007,0.2043,0.2324,0.4438,0.5486,0.4634,0.3111,0.3484,0.2792,0.3596,0.2117,0.2342,0.1764,0.1877,0.1924,0.2896,0.3046,0.3055,0.2234,0.2296,0.2382,0.1597,0.1578,0.147,0.1452,0.1209,0.1324,0.2432,0.2185,0.2343,0.1595,0.1624,0.1518,0.0887,0.0863,0.0889,0.108,0.1017,0.1031,0.2095,0.209,0.1995,0.1369,0.1532,0.1465,0.0678,0.0665,0.0714,0.0878,0.0821,0.082,0.1702,0.171,0.1736,0.1123,0.1205,0.1066,0.0541,0.0528,0.0531,0.0786,0.0776,0.0769,0.177,0.1861,0.1664,0.1072,0.1113,0.113,0.046,0.0464,0.0455,0.0747,0.0754,0.077,0.1617,0.1622,0.1586,0.1093,0.1073,0.1086,0.0429,0.0432,0.0442,0.0854,0.0819,0.0822,0.1759,0.1638,0.1654,0.1178,0.1156,0.1189,0.0434,0.0433,0.0431
60,53101.316,28,0.1977,0.2013,0.2275,0.4462,0.5531,0.4668,0.3086,0.347,0.2775,0.3561,0.2084,0.2298,0.1789,0.1895,0.1951,0.2802,0.2966,0.2967,0.2228,0.2296,0.2393,0.1591,0.1571,0.1467,0.1474,0.1225,0.134,0.2446,0.2176,0.237,0.1598,0.163,0.1519,0.0886,0.0861,0.0886,0.1096,0.1028,0.1042,0.2104,0.2101,0.2012,0.1374,0.1542,0.1473,0.0677,0.0663,0.0714,0.0898,0.0837,0.0833,0.172,0.1729,0.1778,0.1128,0.1212,0.1074,0.0541,0.0528,0.0531,0.0805,0.0789,0.0779,0.1779,0.1881,0.1674,0.1082,0.1122,0.1141,0.046,0.0464,0.0454,0.0756,0.0761,0.0779,0.1641,0.1644,0.1604,0.1099,0.108,0.1097,0.0428,0.0432,0.0441,0.0879,0.0838,0.0819,0.1783,0.1649,0.1671,0.1179,0.1165,0.1197,0.0434,0.0434,0.043
61,54001.329,28.1,0.1965,0.1986,0.2226,0.4463,0.5515,0.4712,0.3055,0.3429,0.2763,0.3539,0.2059,0.226,0.1836,0.1962,0.203,0.2925,0.3118,0.313,0.2273,0.2335,0.2414,0.1586,0.1566,0.1462,0.1495,0.1236,0.1356,0.2434,0.2173,0.2359,0.1618,0.1646,0.1534,0.0885,0.086,0.0886,0.1107,0.1046,0.1064,0.2113,0.213,0.2031,0.1391,0.1561,0.149,0.0676,0.0663,0.0714,0.0908,0.0851,0.0844,0.1712,0.1721,0.1772,0.1143,0.1228,0.1086,0.054,0.0527,0.0529,0.0813,0.08,0.0789,0.1776,0.1874,0.1676,0.1095,0.1132,0.1153,0.046,0.0463,0.0455,0.0772,0.0773,0.0792,0.163,0.1638,0.1605,0.1113,0.1089,0.1105,0.0428,0.0432,0.0442,0.0875,0.085,0.0839,0.1783,0.1652,0.1674,0.1196,0.1183,0.1212,0.0434,0.0434,0.0433
62,54901.342,28,0.1952,0.1944,0.2158,0.4467,0.5535,0.4742,0.3037,0.3406,0.2745,0.3476,0.202,0.2216,0.1845,0.1962,0.2041,0.288,0.3044,0.3084,0.2274,0.2333,0.2416,0.1579,0.1559,0.1457,0.151,0.1246,0.1367,0.2453,0.2175,0.2389,0.1632,0.1655,0.1547,0.0885,0.086,0.0886,0.1117,0.1054,0.1071,0.2129,0.2144,0.2041,0.1406,0.157,0.1503,0.0676,0.0662,0.0713,0.0921,0.0865,0.0857,0.1729,0.1733,0.1779,0.1149,0.1235,0.1092,0.054,0.0527,0.053,0.0826,0.0812,0.0799,0.1797,0.1901,0.1682,0.1102,0.1142,0.1163,0.046,0.0464,0.0454,0.0781,0.0785,0.0805,0.1651,0.1662,0.1619,0.1122,0.1104,0.1119,0.0428,0.0431,0.0439,0.0892,0.0859,0.0856,0.179,0.1661,0.168,0.1211,0.1189,0.1222,0.0434,0.0433,0.0431
63,55801.368,28,0.1937,0.1923,0.2131,0.4536,0.5565,0.4788,0.3024,0.3407,0.2748,0.3419,0.1988,0.217,0.1875,0.199,0.2094,0.2871,0.3015,0.3039,0.2291,0.2357,0.2433,0.1573,0.1555,0.1453,0.1523,0.1256,0.1377,0.2436,0.2163,0.2368,0.1644,0.1666,0.1554,0.0884,0.0859,0.0884,0.113,0.1063,0.1081,0.2127,0.2149,0.203,0.1416,0.1578,0.1513,0.0677,0.0662,0.0712,0.093,0.088,0.0867,0.1757,0.1766,0.1814,0.116,0.125,0.1103,0.054,0.0527,0.0529,0.0839,0.0822,0.0812,0.1812,0.1918,0.1688,0.1111,0.1153,0.1176,0.046,0.0464,0.0454,0.0793,0.08,0.0818,0.1659,0.1668,0.162,0.1133,0.1114,0.1131,0.0429,0.0432,0.0442,0.0901,0.0871,0.0863,0.1811,0.1678,0.1685,0.1221,0.1201,0.1236,0.0434,0.0433,0.0431
64,56701.399,28.1,0.1928,0.1926,0.2136,0.4612,0.5652,0.4839,0.3063,0.3456,0.2797,0.3442,0.1991,0.2175,0.1886,0.2001,0.2108,0.2924,0.3096,0.3147,0.2302,0.2359,0.2439,0.1572,0.1552,0.1447,0.1547,0.1274,0.1393,0.2445,0.2148,0.2398,0.1664,0.1675,0.1561,0.0884,0.0859,0.0884,0.1136,0.1072,0.109,0.2136,0.2164,0.205,0.1427,0.159,0.1521,0.0676,0.0662,0.0711,0.0938,0.0887,0.0872,0.1753,0.1761,0.182,0.1167,0.1257,0.1106,0.054,0.0527,0.0529,0.0843,0.0829,0.0818,0.1825,0.1935,0.1693,0.1119,0.116,0.1183,0.046,0.0463,0.0455,0.0803,0.0806,0.0827,0.1667,0.1681,0.1631,0.1142,0.1119,0.1136,0.0429,0.0433,0.0433,0.0896,0.0871,0.0856,0.1804,0.1665,0.1675,0.1226,0.1211,0.1242,0.0434,0.0434,0.0432
65,57601.422,28.1,0.1919,0.1912,0.2114,0.4683,0.5729,0.4901,0.308,0.3493,0.2829,0.3442,0.1983,0.2171,0.1882,0.1983,0.2102,0.2828,0.2979,0.3021,0.2279,0.235,0.2454,0.1564,0.1544,0.1443,0.155,0.1268,0.1389,0.2413,0.2128,0.2379,0.1672,0.168,0.157,0.0883,0.0857,0.0883,0.1141,0.1075,0.1092,0.2125,0.2171,0.2031,0.1431,0.1591,0.1525,0.0675,0.0661,0.0711,0.0947,0.0894,0.0886,0.1759,0.1765,0.1799,0.1177,0.1267,0.1121,0.054,0.0527,0.0529,0.0857,0.0838,0.0825,0.1821,0.1935,0.1681,0.1129,0.1173,0.1198,0.046,0.0464,0.0454,0.0808,0.0811,0.0831,0.166,0.1671,0.1623,0.1151,0.1131,0.1147,0.0429,0.0432,0.0432,0.0998,0.0886,0.0856,0.1797,0.166,0.1671,0.1236,0.1221,0.1247,0.0434,0.0434,0.0431
66,58501.449,28.1,0.1899,0.1901,0.2104,0.478,0.5774,0.4921,0.3088,0.3493,0.284,0.342,0.1963,0.2142,0.1915,0.202,0.2136,0.2867,0.3051,0.3108,0.2301,0.2359,0.2447,0.1558,0.1543,0.144,0.1572,0.1284,0.1401,0.2446,0.216,0.2412,0.1697,0.17,0.1582,0.0882,0.0857,0.0882,0.1146,0.1081,0.1104,0.2134,0.2193,0.2043,0.1445,0.1608,0.1541,0.0675,0.0661,0.0711,0.0955,0.0906,0.0892,0.174,0.1765,0.1815,0.1188,0.1279,0.1126,0.0539,0.0527,0.0529,0.0861,0.0843,0.083,0.1818,0.1944,0.1675,0.1141,0.1185,0.1209,0.0459,0.0463,0.0454,0.0814,0.0818,0.0838,0.1661,0.1672,0.1626,0.1162,0.1142,0.1157,0.0429,0.0432,0.0432,0.0915,0.0895,0.0878,0.1818,0.1678,0.1681,0.1237,0.1224,0.1251,0.0434,0.0434,0.0432
67,59401.469,28,0.1916,0.1907,0.2104,0.488,0.5865,0.4997,0.313,0.3551,0.2893,0.3421,0.1959,0.2146,0.1951,0.207,0.2179,0.2943,0.3138,0.3195,0.2349,0.2413,0.2481,0.1554,0.1533,0.1432,0.1588,0.1297,0.142,0.2446,0.2172,0.2418,0.1709,0.1716,0.1594,0.0882,0.0856,0.0881,0.1152,0.1091,0.1113,0.2148,0.2218,0.2044,0.1461,0.1621,0.1555,0.0674,0.066,0.071,0.096,0.0912,0.0902,0.1725,0.1759,0.1814,0.1198,0.1288,0.1136,0.0539,0.0526,0.0528,0.0872,0.0854,0.0842,0.1825,0.1952,0.1664,0.1149,0.1193,0.1218,0.0459,0.0463,0.0454,0.0823,0.0831,0.085,0.1675,0.1686,0.1627,0.1173,0.115,0.1165,0.0428,0.0432,0.0432,0.0936,0.0892,0.0866,0.1832,0.1697,0.1705,0.126,0.1242,0.1275,0.0433,0.0433,0.0431
68,60301.487,27.9,0.191,0.1898,0.2092,0.4975,0.591,0.5012,0.3165,0.3564,0.2912,0.3427,0.1953,0.2117,0.1958,0.2065,0.2183,0.2932,0.3099,0.3173,0.2333,0.2392,0.2474,0.1539,0.1529,0.143,0.1601,0.1304,0.1426,0.2433,0.2178,0.2405,0.1724,0.1726,0.1603,0.0881,0.0856,0.0881,0.1162,0.1097,0.1124,0.2147,0.2239,0.2068,0.1471,0.1632,0.1566,0.0674,0.0659,0.0711,0.0972,0.093,0.0915,0.1742,0.1774,0.1815,0.121,0.1302,0.1145,0.0538,0.0526,0.0528,0.088,0.0864,0.0848,0.1835,0.1979,0.1677,0.1161,0.1205,0.1231,0.0459,0.0463,0.0454,0.0831,0.0841,0.086,0.1672,0.1676,0.161,0.1179,0.1161,0.1176,0.0429,0.0432,0.0432,0.094,0.09,0.0861,0.1841,0.1688,0.1702,0.1264,0.1251,0.1281,0.0435,0.0434,0.0431
69,61201.511,28.1,0.19,0.1889,0.2082,0.5094,0.5992,0.5051,0.3183,0.3594,0.2937,0.3417,0.1939,0.2092,0.1981,0.2078,0.2208,0.2923,0.3081,0.311,0.2342,0.2392,0.2478,0.1544,0.1524,0.1428,0.1618,0.131,0.144,0.246,0.2201,0.2428,0.1732,0.1739,0.1616,0.0881,0.0855,0.0879,0.1173,0.1109,0.113,0.2144,0.2244,0.2075,0.1481,0.1643,0.1575,0.0674,0.066,0.0709,0.0984,0.0938,0.0927,0.1734,0.1756,0.1811,0.1217,0.1312,0.1155,0.0539,0.0526,0.0529,0.0886,0.0873,0.0858,0.1825,0.1978,0.1674,0.1171,0.1216,0.124,0.0459,0.0464,0.0455,0.0837,0.0846,0.0862,0.1642,0.1649,0.1597,0.119,0.1169,0.1187,0.0429,0.0432,0.0432,0.0957,0.0909,0.0869,0.1854,0.1697,0.1707,0.1274,0.1259,0.129,0.0434,0.0434,0.0432
70,62101.529,28.1,0.1883,0.1866,0.2049,0.5135,0.5998,0.5046,0.3168,0.358,0.2934,0.3351,0.1908,0.2058,0.2005,0.2105,0.2216,0.29,0.3062,0.3127,0.2341,0.2396,0.2492,0.1539,0.1521,0.1423,0.1639,0.1315,0.1448,0.2461,0.2224,0.2453,0.1749,0.1752,0.1622,0.088,0.0854,0.0879,0.117,0.1104,0.1123,0.215,0.2253,0.209,0.1488,0.165,0.1584,0.0672,0.0658,0.0708,0.0985,0.0939,0.0933,0.172,0.1752,0.1811,0.1224,0.1319,0.1161,0.0538,0.0525,0.0528,0.0892,0.0877,0.0868,0.1817,0.1991,0.1675,0.1181,0.1228,0.1252,0.0459,0.0463,0.0454,0.0843,0.085,0.0871,0.165,0.1648,0.1606,0.1206,0.1183,0.1197,0.0429,0.0432,0.0432,0.0986,0.0922,0.087,0.1856,0.1693,0.171,0.1289,0.1272,0.13,0.0434,0.0434,0.043
71,63001.549,28,0.1853,0.1816,0.1995,0.5173,0.5947,0.5009,0.3129,0.353,0.2887,0.3248,0.1862,0.1994,0.2051,0.216,0.2271,0.2988,0.3124,0.3132,0.2377,0.2445,0.2516,0.1533,0.1511,0.142,0.1658,0.1327,0.1467,0.2483,0.2251,0.247,0.176,0.1769,0.1639,0.0879,0.0854,0.0878,0.119,0.1119,0.114,0.2174,0.228,0.2105,0.1506,0.1672,0.1603,0.0672,0.0658,0.0707,0.1001,0.0954,0.0947,0.1741,0.1785,0.1854,0.1241,0.1334,0.1175,0.0537,0.0525,0.0528,0.09,0.0886,0.0878,0.1806,0.1992,0.1685,0.1194,0.1238,0.1262,0.0459,0.0462,0.0454,0.0854,0.0862,0.0883,0.1659,0.1655,0.16,0.1212,0.119,0.1206,0.0428,0.0432,0.0432,0.0979,0.0936,0.0899,0.1898,0.1738,0.1743,0.1299,0.1282,0.1315,0.0434,0.0433,0.0431
72,63901.571,28,0.1808,0.1783,0.1957,0.5216,0.5954,0.4997,0.3109,0.3507,0.2873,0.3172,0.1834,0.1958,0.2045,0.2139,0.2267,0.2943,0.3113,0.3171,0.2359,0.2424,0.2508,0.1528,0.1508,0.1415,0.1679,0.1338,0.1481,0.2522,0.2259,0.2502,0.1774,0.1775,0.1647,0.0879,0.0853,0.0877,0.1197,0.1124,0.1149,0.2199,0.2303,0.2131,0.1512,0.1679,0.1609,0.0671,0.0658,0.0709,0.1008,0.0964,0.0963,0.1745,0.1799,0.1861,0.1246,0.1341,0.1179,0.0537,0.0524,0.0527,0.0909,0.0901,0.0892,0.1814,0.2009,0.1705,0.1202,0.1247,0.1272,0.0459,0.0463,0.0453,0.086,0.0878,0.0896,0.1657,0.1653,0.1605,0.122,0.1201,0.1219,0.0428,0.0432,0.0432,0.0982,0.095,0.0891,0.1891,0.1737,0.1744,0.1307,0.1292,0.1314,0.0434,0.0433,0.0432
73,64801.589,28.1,0.1795,0.1771,0.1949,0.5289,0.5994,0.5015,0.3138,0.3526,0.2902,0.3139,0.1813,0.1934,0.207,0.2167,0.2287,0.2969,0.3149,0.3204,0.2373,0.2437,0.252,0.1522,0.1505,0.1412,0.1695,0.135,0.1501,0.253,0.2289,0.2519,0.1787,0.1791,0.1652,0.0878,0.0852,0.0876,0.1203,0.1136,0.1154,0.2207,0.2319,0.2145,0.1527,0.1692,0.1626,0.0672,0.0657,0.0707,0.1021,0.0975,0.0981,0.1749,0.1814,0.1876,0.1262,0.1358,0.1191,0.0537,0.0524,0.0527,0.0919,0.0914,0.0907,0.1818,0.2025,0.1723,0.1211,0.1258,0.1282,0.0459,0.0463,0.0453,0.0868,0.0892,0.0911,0.1656,0.1652,0.1611,0.1232,0.121,0.1227,0.0428,0.0432,0.0432,0.0994,0.094,0.0892,0.1895,0.1748,0.1759,0.1323,0.1305,0.1331,0.0434,0.0433,0.0429
74,65701.603,28,0.1831,0.18,0.1988,0.5445,0.6201,0.5075,0.3235,0.3638,0.2998,0.3226,0.1841,0.1956,0.2088,0.2183,0.2314,0.2995,0.3147,0.3178,0.2398,0.2466,0.254,0.1518,0.1497,0.1406,0.171,0.1359,0.1513,0.2565,0.2303,0.254,0.1801,0.1801,0.1669,0.0878,0.0852,0.0876,0.1218,0.1155,0.1164,0.2229,0.2333,0.2151,0.1535,0.1698,0.1633,0.0671,0.0657,0.0707,0.1036,0.0994,0.0998,0.1763,0.1832,0.1892,0.1271,0.1367,0.12,0.0536,0.0524,0.0527,0.0928,0.0923,0.092,0.1827,0.2031,0.1728,0.1225,0.1269,0.1293,0.0459,0.0463,0.0454,0.0876,0.0899,0.0918,0.1648,0.1645,0.1609,0.1239,0.1215,0.1237,0.0429,0.0432,0.0436,0.094,0.0929,0.0909,0.1937,0.1778,0.1785,0.1327,0.1313,0.1341,0.0434,0.0433,0.0431
75,66601.62,28.1,0.183,0.1794,0.1968,0.5483,0.6197,0.506,0.3227,0.3645,0.3006,0.3194,0.1829,0.1952,0.2099,0.2183,0.2318,0.2973,0.3152,0.3176,0.2393,0.2451,0.254,0.1505,0.1495,0.1403,0.173,0.1371,0.1524,0.2577,0.234,0.2563,0.1798,0.1807,0.1671,0.0875,0.085,0.0874,0.1221,0.116,0.117,0.2237,0.2361,0.2182,0.1548,0.1714,0.1646,0.067,0.0657,0.0706,0.1039,0.0993,0.1011,0.179,0.1853,0.1907,0.1276,0.1374,0.1206,0.0536,0.0525,0.0526,0.0938,0.0939,0.0935,0.1841,0.2049,0.1749,0.1231,0.1275,0.1301,0.0459,0.0462,0.0453,0.0889,0.0918,0.0937,0.1665,0.166,0.1621,0.1251,0.123,0.1247,0.0429,0.0432,0.0432,0.0981,0.0942,0.0913,0.1954,0.1792,0.1803,0.1341,0.1325,0.135,0.0434,0.0434,0.0431
76,67501.636,27.9,0.1834,0.1804,0.1987,0.5597,0.6316,0.5117,0.3301,0.3726,0.3077,0.3214,0.1831,0.1949,0.2149,0.2236,0.2385,0.3057,0.3231,0.3284,0.2437,0.2506,0.2566,0.151,0.149,0.1398,0.1761,0.1392,0.1553,0.2603,0.2362,0.258,0.182,0.1824,0.1688,0.0876,0.085,0.0874,0.1232,0.1168,0.1178,0.2276,0.2393,0.2204,0.1561,0.1727,0.1658,0.067,0.0656,0.0706,0.1047,0.1004,0.1021,0.1796,0.1867,0.1927,0.1291,0.1386,0.1218,0.0536,0.0524,0.0526,0.0948,0.0952,0.0946,0.1864,0.206,0.177,0.1242,0.1287,0.1311,0.0458,0.0462,0.0453,0.0902,0.0932,0.0952,0.1685,0.1678,0.1639,0.1263,0.1241,0.1258,0.0429,0.0431,0.044,0.0956,0.0951,0.0935,0.1974,0.1817,0.183,0.1353,0.1339,0.1367,0.0434,0.0433,0.0431
77,68401.649,27.9,0.1832,0.1813,0.1994,0.5649,0.6315,0.5121,0.3302,0.3747,0.3103,0.3226,0.1835,0.1957,0.2126,0.2196,0.2336,0.2982,0.3102,0.31,0.2402,0.2465,0.2551,0.1506,0.1484,0.1396,0.1757,0.139,0.1552,0.2626,0.2369,0.2598,0.1825,0.1826,0.1694,0.0874,0.0849,0.0873,0.1244,0.1179,0.1185,0.23,0.2406,0.2213,0.1571,0.1739,0.167,0.0669,0.0655,0.0705,0.1067,0.1024,0.1036,0.1818,0.1889,0.1946,0.1301,0.1399,0.1227,0.0535,0.0523,0.0525,0.0959,0.0967,0.0963,0.1874,0.2073,0.1776,0.1253,0.1297,0.132,0.0458,0.0462,0.0453,0.0913,0.0946,0.0965,0.1694,0.1684,0.1645,0.1272,0.1253,0.1269,0.0428,0.0432,0.0432,0.1052,0.0981,0.0936,0.2011,0.1828,0.183,0.1358,0.1343,0.1371,0.0434,0.0433,0.043
78,69301.666,28,0.1801,0.1781,0.1961,0.5704,0.627,0.5124,0.3307,0.3761,0.3116,0.3184,0.1816,0.1927,0.2137,0.222,0.2382,0.3028,0.3218,0.3253,0.2419,0.2483,0.2549,0.1499,0.1481,0.1391,0.1782,0.1411,0.1577,0.2689,0.2401,0.2678,0.1859,0.1852,0.1715,0.0875,0.0849,0.0872,0.1261,0.1197,0.1202,0.2311,0.2429,0.2253,0.1587,0.1758,0.1688,0.067,0.0656,0.0705,0.1081,0.1039,0.1052,0.1829,0.1905,0.1958,0.1311,0.1409,0.1236,0.0536,0.0524,0.0526,0.0974,0.0981,0.0975,0.1885,0.2082,0.1789,0.1262,0.1307,0.1333,0.0458,0.0463,0.0453,0.0923,0.0956,0.0974,0.17,0.1693,0.1663,0.1282,0.1261,0.1279,0.043,0.0432,0.0432,0.0966,0.097,0.0946,0.1994,0.1825,0.1837,0.1369,0.1353,0.1383,0.0435,0.0433,0.0432
79,70201.687,28.1,0.1801,0.1763,0.1933,0.5666,0.6168,0.509,0.3301,0.3753,0.3117,0.3159,0.1806,0.1918,0.2188,0.226,0.2409,0.3083,0.3258,0.3272,0.2446,0.251,0.2579,0.1485,0.1474,0.1387,0.1809,0.1427,0.1596,0.2694,0.2427,0.2692,0.1858,0.1859,0.1717,0.0874,0.0848,0.0871,0.127,0.1205,0.1214,0.2335,0.2458,0.2253,0.1591,0.1765,0.1692,0.0669,0.0655,0.0705,0.1094,0.1051,0.107,0.1859,0.1923,0.1977,0.1322,0.1418,0.1245,0.0536,0.0523,0.0526,0.0988,0.0994,0.0989,0.1912,0.2111,0.182,0.1274,0.132,0.1344,0.0458,0.0462,0.0453,0.0936,0.0971,0.0991,0.1724,0.1713,0.1683,0.1296,0.1273,0.1286,0.0428,0.0432,0.0441,0.0995,0.0978,0.0962,0.2015,0.1857,0.1868,0.1384,0.137,0.1401,0.0434,0.0434,0.043
80,71101.705,28.1,0.1789,0.1753,0.1928,0.57,0.6088,0.5089,0.3292,0.3746,0.3126,0.314,0.1799,0.1903,0.2179,0.225,0.2407,0.3048,0.322,0.323,0.2439,0.2503,0.2575,0.1488,0.1472,0.1383,0.1819,0.1431,0.16,0.2738,0.2443,0.2691,0.1865,0.1867,0.1733,0.0873,0.0847,0.087,0.1282,0.1223,0.1227,0.2353,0.2478,0.2289,0.1604,0.1775,0.1705,0.0669,0.0654,0.0704,0.1107,0.1068,0.1083,0.1863,0.194,0.1987,0.1327,0.1424,0.1253,0.0535,0.0522,0.0525,0.0996,0.101,0.1003,0.1923,0.2123,0.1834,0.1284,0.1328,0.1353,0.0458,0.0461,0.0453,0.0952,0.0989,0.1011,0.1733,0.1723,0.1689,0.13,0.128,0.1297,0.0429,0.0431,0.0433,0.0992,0.0993,0.0974,0.205,0.1873,0.1872,0.1394,0.1376,0.1406,0.0434,0.0433,0.0431
81,72001.719,28.1,0.1772,0.173,0.189,0.5655,0.5949,0.5039,0.3267,0.3721,0.3119,0.3068,0.1774,0.1878,0.2198,0.2262,0.2433,0.3052,0.3231,0.3253,0.2453,0.252,0.2597,0.1487,0.1466,0.1381,0.1841,0.1445,0.1612,0.2729,0.2446,0.2726,0.1879,0.1881,0.1741,0.0874,0.0847,0.0869,0.1294,0.1235,0.1241,0.2398,0.2515,0.2311,0.1614,0.1783,0.1716,0.0668,0.0654,0.0703,0.112,0.1081,0.1096,0.1906,0.1978,0.2028,0.1344,0.1438,0.1264,0.0535,0.0523,0.0525,0.101,0.1023,0.1021,0.1941,0.2133,0.1837,0.1295,0.1337,0.1363,0.0458,0.0462,0.0453,0.0963,0.0999,0.102,0.1748,0.174,0.1704,0.1314,0.1291,0.1307,0.0428,0.0432,0.0432,0.1055,0.103,0.1003,0.2077,0.191,0.1909,0.1407,0.1389,0.1418,0.0434,0.0433,0.043
82,72901.742,28,0.1752,0.1712,0.1881,0.5642,0.5888,0.5,0.3259,0.3711,0.3105,0.3023,0.1759,0.1852,0.223,0.2303,0.2461,0.3134,0.3313,0.3351,0.2473,0.2535,0.2592,0.1471,0.1462,0.1377,0.1854,0.1462,0.1631,0.2766,0.2499,0.2762,0.1888,0.1893,0.1754,0.0872,0.0846,0.0869,0.1315,0.1245,0.1252,0.2407,0.252,0.2317,0.1625,0.1799,0.1729,0.0668,0.0653,0.0702,0.1134,0.1097,0.111,0.1947,0.2029,0.207,0.1351,0.1452,0.1275,0.0535,0.0522,0.0524,0.1032,0.1039,0.1032,0.196,0.2149,0.1855,0.1301,0.1345,0.1374,0.0458,0.0462,0.0453,0.0976,0.1014,0.1032,0.1773,0.1758,0.1721,0.1325,0.1301,0.132,0.0428,0.0431,0.0432,0.11,0.1036,0.1011,0.2082,0.1917,0.1911,0.1415,0.14,0.1432,0.0434,0.0433,0.0431
83,73801.773,28,0.1755,0.1735,0.1915,0.5692,0.5973,0.506,0.3337,0.3805,0.3189,0.3064,0.177,0.1872,0.2232,0.2287,0.2463,0.3136,0.3289,0.3346,0.2479,0.2543,0.2599,0.1479,0.146,0.1374,0.1868,0.1471,0.164,0.2772,0.2487,0.2774,0.1897,0.1898,0.1755,0.0871,0.0845,0.0868,0.1315,0.1253,0.1259,0.2414,0.2544,0.2337,0.1634,0.1804,0.1735,0.0667,0.0654,0.0703,0.1145,0.1112,0.1123,0.1926,0.1998,0.2045,0.1358,0.1458,0.1282,0.0533,0.0522,0.0525,0.1034,0.1051,0.1046,0.1992,0.2188,0.1881,0.1312,0.1353,0.1382,0.0458,0.0462,0.0453,0.0987,0.1029,0.1049,0.1793,0.178,0.1737,0.1333,0.1308,0.1328,0.0429,0.0432,0.0432,0.1059,0.1055,0.1026,0.2103,0.1937,0.1934,0.1426,0.1407,0.1436,0.0434,0.0434,0.0431
84,74701.798,28,0.1775,0.177,0.1958,0.5727,0.6095,0.5134,0.3414,0.3933,0.3297,0.3136,0.1794,0.191,0.227,0.2339,0.2505,0.3187,0.3363,0.3455,0.2501,0.2555,0.262,0.1471,0.1454,0.1369,0.1881,0.1486,0.1655,0.2815,0.2498,0.2791,0.1907,0.1904,0.1775,0.0871,0.0844,0.0866,0.1332,0.127,0.1275,0.2445,0.2565,0.2357,0.1642,0.1814,0.1745,0.0667,0.0653,0.0702,0.1156,0.1123,0.1134,0.1955,0.203,0.2077,0.1369,0.1468,0.1291,0.0532,0.0522,0.0524,0.1051,0.1062,0.1056,0.199,0.2184,0.1888,0.1322,0.1367,0.1392,0.0458,0.0462,0.0453,0.1001,0.1039,0.1058,0.18,0.179,0.1747,0.134,0.1321,0.1337,0.0429,0.0432,0.0432,0.1141,0.1116,0.1053,0.2128,0.1966,0.1967,0.1431,0.1417,0.1451,0.0435,0.0434,0.0432
85,75601.82,28,0.1798,0.177,0.1947,0.5695,0.6099,0.5116,0.3421,0.3949,0.3327,0.3171,0.1812,0.1921,0.225,0.2285,0.2455,0.3134,0.3281,0.3278,0.2483,0.2542,0.2624,0.1458,0.1448,0.1364,0.1887,0.1484,0.165,0.28,0.2503,0.2796,0.1932,0.1927,0.1786,0.0869,0.0843,0.0865,0.1341,0.128,0.1284,0.2477,0.2606,0.2384,0.1657,0.1836,0.1763,0.0666,0.0652,0.0701,0.117,0.1141,0.1145,0.2007,0.2074,0.2105,0.1382,0.148,0.1303,0.0532,0.0521,0.0523,0.1059,0.1073,0.1067,0.2012,0.2208,0.1902,0.1331,0.1378,0.1405,0.0457,0.0462,0.0452,0.1008,0.1045,0.1065,0.1823,0.1812,0.1766,0.135,0.1328,0.1347,0.0428,0.0432,0.0432,0.1156,0.1138,0.1085,0.215,0.1968,0.1958,0.1441,0.1423,0.1457,0.0434,0.0433,0.0433
86,76501.844,28,0.1811,0.1784,0.1965,0.5723,0.6162,0.5141,0.3464,0.402,0.3382,0.3217,0.183,0.193,0.2259,0.2296,0.247,0.3151,0.327,0.3273,0.2489,0.2542,0.2631,0.1454,0.1443,0.136,0.1893,0.1495,0.1661,0.2827,0.252,0.2802,0.194,0.1935,0.1791,0.0869,0.0843,0.0865,0.1348,0.1293,0.1299,0.2512,0.2639,0.2409,0.167,0.1842,0.1775,0.0665,0.0651,0.07,0.1179,0.115,0.1153,0.201,0.2078,0.2115,0.1393,0.1489,0.1312,0.0531,0.052,0.0523,0.1067,0.1084,0.1079,0.2026,0.2217,0.1912,0.1343,0.1387,0.1413,0.0456,0.046,0.0453,0.1016,0.1061,0.1081,0.1838,0.1825,0.1778,0.1362,0.1337,0.1355,0.0428,0.0431,0.0432,0.1169,0.115,0.1101,0.2151,0.1983,0.1969,0.1451,0.1436,0.1471,0.0433,0.0433,0.043
,,,,,,,,,,,,,,,,,,,,,,,,,,,,,,,,,,,,,,,,,,,,,,,,,,,,,,,,,,,,,,,,,,,,,,,,,,,,,,,,,,,,,,,,,,,,,,,,,,
End Time,,,,2025-05-14 12:32:45,,,,,,,,,,,,,,,,,,,,,,,,,,,,,,,,,,,,,,,,,,,,,,,,,,,,,,,,,,,,,,,,,,,,,,,,,,,,,,,,,,,,,,,,,,,,,,
,,,,,,,,,,,,,,,,,,,,,,,,,,,,,,,,,,,,,,,,,,,,,,,,,,,,,,,,,,,,,,,,,,,,,,,,,,,,,,,,,,,,,,,,,,,,,,,,,,
,,,,,,,,,,,,,,,,,,,,,,,,,,,,,,,,,,,,,,,,,,,,,,,,,,,,,,,,,,,,,,,,,,,,,,,,,,,,,,,,,,,,,,,,,,,,,,,,,,
